user_id,department,date,login_time,session_duration_min,files_accessed,usb_events,emails_sent,emails_with_attachment,external_web_visits,_ground_truth_insider,login_hour
U001,Finance,2026-07-01,09:34,71.5,4,0,6,0,3,False,9
U001,Finance,2026-07-02,07:07,82.9,6,0,7,1,2,False,7
U001,Finance,2026-07-03,08:59,84.7,11,0,6,1,3,False,8
U001,Finance,2026-07-06,09:53,97.2,4,0,8,0,6,False,9
U001,Finance,2026-07-07,09:40,67.5,7,0,12,0,3,False,9
U001,Finance,2026-07-08,06:39,83.6,5,0,7,1,1,False,6
U001,Finance,2026-07-09,08:56,82.5,6,0,8,2,3,False,8
U001,Finance,2026-07-10,07:55,113.7,6,0,9,4,1,False,7
U001,Finance,2026-07-13,09:04,96.2,1,0,3,1,3,False,9
U001,Finance,2026-07-14,10:02,85.3,5,1,9,1,4,False,10
U001,Finance,2026-07-15,08:42,93.5,8,1,10,0,8,False,8
U001,Finance,2026-07-16,09:14,79.4,4,0,4,1,3,False,9
U001,Finance,2026-07-17,07:49,80.4,7,0,3,3,1,False,7
U001,Finance,2026-07-19,09:14,34.7,9,0,2,0,3,False,9
U001,Finance,2026-07-20,06:55,49.4,5,0,7,2,5,False,6
U001,Finance,2026-07-21,09:06,59.4,3,0,9,2,5,False,9
U001,Finance,2026-07-22,10:24,95.3,7,1,12,1,4,False,10
U001,Finance,2026-07-23,09:17,60.9,4,0,10,0,4,False,9
U001,Finance,2026-07-24,08:29,74.9,3,0,8,1,3,False,8
U001,Finance,2026-07-27,09:23,76.4,7,0,9,3,3,False,9
U001,Finance,2026-07-28,07:22,120.8,3,0,11,5,4,False,7
U001,Finance,2026-07-29,09:13,87.9,6,0,7,2,1,False,9
U001,Finance,2026-07-30,06:42,111.1,9,1,7,0,1,False,6
U002,Finance,2026-07-01,01:38,77.2,38,3,1,1,11,True,1
U002,Finance,2026-07-02,07:34,72.3,4,0,8,0,3,True,7
U002,Finance,2026-07-03,07:10,116.1,5,0,5,0,2,True,7
U002,Finance,2026-07-04,03:59,225.1,55,3,3,0,12,True,3
U002,Finance,2026-07-05,10:35,122.7,5,0,5,1,2,True,10
U002,Finance,2026-07-06,03:53,205.4,38,5,2,1,16,True,3
U002,Finance,2026-07-07,10:03,46.5,4,0,13,2,1,True,10
U002,Finance,2026-07-08,01:51,256.1,46,2,1,3,20,True,1
U002,Finance,2026-07-09,03:04,225.0,42,3,4,0,23,True,3
U002,Finance,2026-07-10,23:56,318.1,42,5,1,1,16,True,23
U002,Finance,2026-07-11,08:13,95.7,6,0,11,1,3,True,8
U002,Finance,2026-07-12,11:25,89.8,10,1,7,1,4,True,11
U002,Finance,2026-07-13,10:41,54.5,4,0,7,1,1,True,10
U002,Finance,2026-07-14,03:08,240.0,47,3,1,2,18,True,3
U002,Finance,2026-07-15,23:34,249.5,45,2,3,2,18,True,23
U002,Finance,2026-07-16,23:27,283.3,51,2,3,2,11,True,23
U002,Finance,2026-07-17,07:25,83.2,7,0,12,0,3,True,7
U002,Finance,2026-07-18,02:32,164.9,45,1,1,2,11,True,2
U002,Finance,2026-07-19,01:55,255.4,47,3,1,1,8,True,1
U002,Finance,2026-07-20,02:50,299.0,40,3,4,1,12,True,2
U002,Finance,2026-07-21,08:38,58.5,4,0,10,1,3,True,8
U002,Finance,2026-07-22,04:38,262.8,52,4,2,2,15,True,4
U002,Finance,2026-07-23,09:33,63.4,4,0,8,2,0,True,9
U002,Finance,2026-07-24,23:55,293.2,54,7,5,2,9,True,23
U002,Finance,2026-07-25,07:43,48.7,2,1,11,1,4,True,7
U002,Finance,2026-07-26,08:43,60.0,6,1,9,0,2,True,8
U002,Finance,2026-07-27,09:48,83.4,5,0,6,1,4,True,9
U002,Finance,2026-07-28,03:07,254.4,48,7,2,1,13,True,3
U002,Finance,2026-07-29,02:29,258.3,37,2,3,2,18,True,2
U002,Finance,2026-07-30,03:32,255.0,63,4,0,2,16,True,3
U003,Finance,2026-07-01,11:48,63.0,6,0,9,2,2,False,11
U003,Finance,2026-07-02,09:11,69.4,8,0,9,3,0,False,9
U003,Finance,2026-07-03,07:32,79.9,5,0,7,0,3,False,7
U003,Finance,2026-07-06,10:19,94.6,3,0,6,0,1,False,10
U003,Finance,2026-07-07,09:53,68.3,3,0,6,1,7,False,9
U003,Finance,2026-07-08,08:40,77.2,6,0,9,1,5,False,8
U003,Finance,2026-07-09,10:32,102.3,6,0,13,0,3,False,10
U003,Finance,2026-07-10,08:38,74.4,6,0,9,0,4,False,8
U003,Finance,2026-07-13,10:10,112.5,2,0,9,2,3,False,10
U003,Finance,2026-07-14,10:34,60.3,3,1,6,0,4,False,10
U003,Finance,2026-07-15,09:49,59.4,10,1,8,2,5,False,9
U003,Finance,2026-07-16,11:59,101.2,6,0,8,2,4,False,11
U003,Finance,2026-07-17,09:33,40.3,7,0,5,1,1,False,9
U003,Finance,2026-07-20,06:31,53.2,7,0,7,3,0,False,6
U003,Finance,2026-07-21,07:01,86.8,9,0,9,2,1,False,7
U003,Finance,2026-07-22,09:07,105.6,6,0,9,0,2,False,9
U003,Finance,2026-07-23,11:59,47.5,3,0,13,2,3,False,11
U003,Finance,2026-07-24,07:23,114.6,6,2,9,0,2,False,7
U003,Finance,2026-07-27,08:19,77.2,9,1,9,1,6,False,8
U003,Finance,2026-07-28,10:15,109.8,4,0,6,1,2,False,10
U003,Finance,2026-07-29,09:03,113.3,4,1,6,1,5,False,9
U003,Finance,2026-07-30,10:15,15.0,5,0,5,0,3,False,10
U004,Legal,2026-07-01,10:56,74.6,4,0,11,1,2,False,10
U004,Legal,2026-07-02,09:36,72.8,7,0,5,0,0,False,9
U004,Legal,2026-07-03,10:05,41.3,5,0,5,2,1,False,10
U004,Legal,2026-07-04,07:31,108.2,7,0,9,2,1,False,7
U004,Legal,2026-07-06,09:48,82.7,12,0,7,2,3,False,9
U004,Legal,2026-07-07,10:34,120.3,5,0,9,0,2,False,10
U004,Legal,2026-07-08,09:49,55.4,7,0,6,1,2,False,9
U004,Legal,2026-07-09,09:08,130.4,7,0,6,1,1,False,9
U004,Legal,2026-07-10,08:08,53.9,9,0,7,0,3,False,8
U004,Legal,2026-07-13,08:10,100.8,6,0,10,0,2,False,8
U004,Legal,2026-07-14,08:16,69.3,5,0,7,2,1,False,8
U004,Legal,2026-07-15,09:33,77.2,9,0,6,2,2,False,9
U004,Legal,2026-07-16,08:55,48.2,8,0,6,0,6,False,8
U004,Legal,2026-07-17,06:38,82.9,2,0,11,2,4,False,6
U004,Legal,2026-07-20,08:34,99.6,6,0,10,3,3,False,8
U004,Legal,2026-07-21,09:48,104.7,8,0,10,0,1,False,9
U004,Legal,2026-07-22,12:46,115.4,9,0,7,1,1,False,12
U004,Legal,2026-07-23,08:44,100.7,10,0,7,1,5,False,8
U004,Legal,2026-07-24,07:12,97.2,5,0,4,0,1,False,7
U004,Legal,2026-07-27,08:42,98.8,5,0,7,4,3,False,8
U004,Legal,2026-07-28,11:41,87.8,8,0,9,1,1,False,11
U004,Legal,2026-07-29,11:23,39.8,4,0,3,2,3,False,11
U004,Legal,2026-07-30,08:28,52.8,7,0,9,1,1,False,8
U005,Engineering,2026-07-01,09:57,115.3,4,0,7,1,5,False,9
U005,Engineering,2026-07-02,10:33,46.4,2,0,6,2,3,False,10
U005,Engineering,2026-07-03,09:28,109.8,10,0,5,2,1,False,9
U005,Engineering,2026-07-04,08:14,102.8,6,0,4,0,2,False,8
U005,Engineering,2026-07-05,07:01,68.5,9,1,9,0,1,False,7
U005,Engineering,2026-07-06,11:37,43.5,7,0,8,1,5,False,11
U005,Engineering,2026-07-07,07:35,66.0,10,0,13,0,4,False,7
U005,Engineering,2026-07-08,09:14,71.6,5,0,8,3,0,False,9
U005,Engineering,2026-07-09,10:37,93.1,8,0,4,0,4,False,10
U005,Engineering,2026-07-10,09:14,63.4,4,0,9,3,3,False,9
U005,Engineering,2026-07-11,08:45,129.7,7,0,7,1,0,False,8
U005,Engineering,2026-07-13,07:14,59.3,4,0,9,1,3,False,7
U005,Engineering,2026-07-14,09:04,114.2,2,0,9,0,4,False,9
U005,Engineering,2026-07-15,07:57,39.9,6,0,9,1,3,False,7
U005,Engineering,2026-07-16,06:02,31.4,3,0,6,2,6,False,6
U005,Engineering,2026-07-17,09:55,69.1,2,0,3,0,3,False,9
U005,Engineering,2026-07-20,09:17,79.3,5,0,10,0,1,False,9
U005,Engineering,2026-07-21,09:42,83.5,7,0,7,1,3,False,9
U005,Engineering,2026-07-22,07:31,125.6,5,0,8,1,6,False,7
U005,Engineering,2026-07-23,09:13,57.1,11,0,7,0,3,False,9
U005,Engineering,2026-07-24,09:34,57.6,4,0,7,1,6,False,9
U005,Engineering,2026-07-25,07:59,25.7,5,0,2,1,6,False,7
U005,Engineering,2026-07-27,10:36,94.5,8,0,6,2,4,False,10
U005,Engineering,2026-07-28,08:30,30.5,2,0,0,1,2,False,8
U005,Engineering,2026-07-29,09:15,47.8,1,0,11,4,2,False,9
U005,Engineering,2026-07-30,07:50,120.1,5,0,11,4,3,False,7
U006,Legal,2026-07-01,09:30,101.5,8,0,7,1,4,False,9
U006,Legal,2026-07-02,10:51,21.2,4,0,8,0,2,False,10
U006,Legal,2026-07-03,10:26,106.2,5,0,8,1,1,False,10
U006,Legal,2026-07-05,06:27,62.3,5,0,8,0,3,False,6
U006,Legal,2026-07-06,06:22,61.3,4,1,9,3,4,False,6
U006,Legal,2026-07-07,08:27,36.7,7,0,8,1,3,False,8
U006,Legal,2026-07-08,09:26,82.4,3,0,6,5,4,False,9
U006,Legal,2026-07-09,08:29,70.4,10,0,8,0,1,False,8
U006,Legal,2026-07-10,08:55,94.8,5,0,7,0,3,False,8
U006,Legal,2026-07-13,08:41,101.2,9,0,12,1,1,False,8
U006,Legal,2026-07-14,08:06,77.8,2,0,7,0,2,False,8
U006,Legal,2026-07-15,11:03,77.8,7,0,7,1,3,False,11
U006,Legal,2026-07-16,09:25,67.5,6,0,13,1,2,False,9
U006,Legal,2026-07-17,08:46,68.1,4,0,8,1,3,False,8
U006,Legal,2026-07-20,10:15,91.3,2,0,10,1,6,False,10
U006,Legal,2026-07-21,07:12,79.8,5,0,6,1,5,False,7
U006,Legal,2026-07-22,10:12,79.3,5,0,9,0,0,False,10
U006,Legal,2026-07-23,09:34,66.7,6,0,8,4,0,False,9
U006,Legal,2026-07-24,09:28,49.6,4,0,5,2,7,False,9
U006,Legal,2026-07-25,08:11,41.1,12,0,10,2,4,False,8
U006,Legal,2026-07-27,08:15,113.9,8,1,4,0,7,False,8
U006,Legal,2026-07-28,10:55,52.6,8,0,7,0,2,False,10
U006,Legal,2026-07-29,10:59,32.4,4,0,6,1,1,False,10
U006,Legal,2026-07-30,08:04,89.3,6,0,5,1,5,False,8
U007,Legal,2026-07-01,06:28,68.0,8,0,8,1,3,False,6
U007,Legal,2026-07-02,10:51,42.7,5,1,8,1,2,False,10
U007,Legal,2026-07-03,09:55,82.4,5,0,6,1,2,False,9
U007,Legal,2026-07-05,09:41,61.8,3,0,6,1,2,False,9
U007,Legal,2026-07-06,11:34,36.2,3,0,8,2,1,False,11
U007,Legal,2026-07-07,08:53,77.5,3,1,12,2,3,False,8
U007,Legal,2026-07-08,10:00,34.0,6,0,8,2,3,False,10
U007,Legal,2026-07-09,08:05,51.3,8,0,9,0,3,False,8
U007,Legal,2026-07-10,11:59,96.3,7,0,7,2,2,False,11
U007,Legal,2026-07-13,10:26,81.4,8,0,10,0,3,False,10
U007,Legal,2026-07-14,07:31,37.0,8,0,7,3,1,False,7
U007,Legal,2026-07-15,06:30,90.3,7,0,6,1,2,False,6
U007,Legal,2026-07-16,09:13,45.0,12,0,12,2,3,False,9
U007,Legal,2026-07-17,08:55,112.7,8,0,8,1,3,False,8
U007,Legal,2026-07-19,07:24,70.1,1,0,6,0,3,False,7
U007,Legal,2026-07-20,07:00,77.1,3,0,7,0,3,False,7
U007,Legal,2026-07-21,08:24,105.3,6,0,5,1,2,False,8
U007,Legal,2026-07-22,08:16,108.2,4,0,5,1,4,False,8
U007,Legal,2026-07-23,09:59,94.0,8,0,13,2,5,False,9
U007,Legal,2026-07-24,07:50,51.2,4,1,12,2,1,False,7
U007,Legal,2026-07-27,07:44,77.2,5,0,2,0,3,False,7
U007,Legal,2026-07-28,09:46,100.2,6,0,12,1,0,False,9
U007,Legal,2026-07-29,07:50,77.2,5,0,7,1,2,False,7
U007,Legal,2026-07-30,07:35,52.1,2,0,8,0,1,False,7
U008,IT,2026-07-01,11:31,110.5,9,0,11,0,3,True,11
U008,IT,2026-07-02,03:13,90.7,35,2,0,0,16,True,3
U008,IT,2026-07-03,09:37,43.2,5,0,12,0,1,True,9
U008,IT,2026-07-04,07:03,105.8,7,0,8,0,1,True,7
U008,IT,2026-07-05,08:03,99.0,7,1,7,1,1,True,8
U008,IT,2026-07-06,04:32,299.8,46,2,3,1,14,True,4
U008,IT,2026-07-07,09:33,87.6,8,0,9,2,3,True,9
U008,IT,2026-07-08,23:05,329.3,36,2,3,1,16,True,23
U008,IT,2026-07-09,09:04,109.6,11,0,7,0,2,True,9
U008,IT,2026-07-10,02:25,257.2,45,3,0,5,9,True,2
U008,IT,2026-07-11,23:15,90.1,38,1,3,1,10,True,23
U008,IT,2026-07-12,01:39,197.0,60,2,0,3,14,True,1
U008,IT,2026-07-13,23:36,162.9,42,3,1,1,11,True,23
U008,IT,2026-07-14,03:13,270.7,44,1,3,3,11,True,3
U008,IT,2026-07-15,11:20,105.5,7,0,8,4,3,True,11
U008,IT,2026-07-16,04:08,187.4,42,2,2,1,13,True,4
U008,IT,2026-07-17,06:19,85.8,7,0,4,0,1,True,6
U008,IT,2026-07-18,01:00,278.4,38,2,3,0,20,True,1
U008,IT,2026-07-19,23:06,247.4,55,5,1,1,16,True,23
U008,IT,2026-07-20,02:32,355.2,33,2,1,1,17,True,2
U008,IT,2026-07-21,03:56,166.6,54,6,1,2,11,True,3
U008,IT,2026-07-22,02:23,240.0,48,4,5,3,17,True,2
U008,IT,2026-07-23,04:53,309.0,46,3,2,1,13,True,4
U008,IT,2026-07-24,03:39,149.5,32,1,3,3,17,True,3
U008,IT,2026-07-25,07:51,130.5,5,1,12,0,4,True,7
U008,IT,2026-07-26,09:00,79.5,8,0,8,3,4,True,9
U008,IT,2026-07-27,10:35,85.6,7,0,8,2,3,True,10
U008,IT,2026-07-28,01:56,77.2,41,4,1,1,21,True,1
U008,IT,2026-07-29,01:56,197.1,36,3,2,2,12,True,1
U008,IT,2026-07-30,23:09,271.3,38,3,4,5,12,True,23
U009,Engineering,2026-07-01,09:17,60.9,1,0,4,0,2,False,9
U009,Engineering,2026-07-02,09:18,41.9,7,1,6,0,2,False,9
U009,Engineering,2026-07-03,09:38,107.6,5,0,11,0,2,False,9
U009,Engineering,2026-07-06,11:43,75.4,5,0,5,0,3,False,11
U009,Engineering,2026-07-07,10:40,60.9,8,0,8,0,2,False,10
U009,Engineering,2026-07-08,11:54,95.7,6,0,5,1,1,False,11
U009,Engineering,2026-07-09,08:16,55.3,2,0,9,1,3,False,8
U009,Engineering,2026-07-10,07:32,104.8,6,0,14,0,7,False,7
U009,Engineering,2026-07-13,11:54,51.4,7,0,13,0,0,False,11
U009,Engineering,2026-07-14,10:03,45.3,10,0,10,2,3,False,10
U009,Engineering,2026-07-15,07:05,88.0,3,0,9,0,3,False,7
U009,Engineering,2026-07-16,11:40,37.6,11,0,6,0,5,False,11
U009,Engineering,2026-07-17,06:27,67.0,4,0,7,1,3,False,6
U009,Engineering,2026-07-19,07:21,80.0,1,0,5,0,3,False,7
U009,Engineering,2026-07-20,07:49,67.0,9,0,9,0,4,False,7
U009,Engineering,2026-07-21,11:08,34.2,5,0,11,0,4,False,11
U009,Engineering,2026-07-22,08:40,24.8,4,0,3,1,2,False,8
U009,Engineering,2026-07-23,08:16,94.0,9,0,8,4,5,False,8
U009,Engineering,2026-07-24,10:10,77.2,5,0,6,0,4,False,10
U009,Engineering,2026-07-27,08:27,75.1,6,1,11,1,4,False,8
U009,Engineering,2026-07-28,09:35,87.0,5,0,9,2,1,False,9
U009,Engineering,2026-07-29,09:00,62.3,2,0,6,0,5,False,9
U009,Engineering,2026-07-30,10:07,35.9,8,0,5,1,2,False,10
U010,IT,2026-07-01,08:04,85.8,4,0,4,1,5,False,8
U010,IT,2026-07-02,08:56,104.5,9,0,10,0,0,False,8
U010,IT,2026-07-03,09:44,129.9,9,0,12,1,1,False,9
U010,IT,2026-07-06,08:53,61.9,5,1,9,2,1,False,8
U010,IT,2026-07-07,08:23,105.1,3,0,6,1,2,False,8
U010,IT,2026-07-08,08:37,93.3,4,0,6,1,4,False,8
U010,IT,2026-07-09,11:35,65.0,9,0,8,0,2,False,11
U010,IT,2026-07-10,08:09,33.2,8,0,7,1,3,False,8
U010,IT,2026-07-12,06:23,126.1,5,0,4,3,2,False,6
U010,IT,2026-07-13,06:57,105.6,4,0,13,0,3,False,6
U010,IT,2026-07-14,07:59,15.0,6,0,8,3,1,False,7
U010,IT,2026-07-15,10:50,88.2,6,0,8,2,1,False,10
U010,IT,2026-07-16,09:55,59.4,2,0,6,1,3,False,9
U010,IT,2026-07-17,10:02,85.4,8,0,7,1,2,False,10
U010,IT,2026-07-20,10:15,74.7,5,0,9,0,3,False,10
U010,IT,2026-07-21,09:42,67.6,8,0,4,1,2,False,9
U010,IT,2026-07-22,11:06,43.5,5,0,14,1,3,False,11
U010,IT,2026-07-23,09:22,72.1,5,0,5,1,3,False,9
U010,IT,2026-07-24,10:49,77.2,8,2,5,0,3,False,10
U010,IT,2026-07-27,08:39,70.7,4,0,7,2,6,False,8
U010,IT,2026-07-28,07:47,120.8,2,0,9,1,0,False,7
U010,IT,2026-07-29,09:09,67.3,2,0,10,0,4,False,9
U010,IT,2026-07-30,06:59,107.9,10,0,9,1,2,False,6
U011,Sales,2026-07-01,10:59,71.1,6,0,10,0,4,False,10
U011,Sales,2026-07-02,07:15,56.4,3,0,6,0,2,False,7
U011,Sales,2026-07-03,06:55,99.0,10,1,7,1,1,False,6
U011,Sales,2026-07-06,10:11,77.8,4,0,7,2,2,False,10
U011,Sales,2026-07-07,06:56,92.5,9,0,6,1,3,False,6
U011,Sales,2026-07-08,07:26,91.7,6,0,13,2,3,False,7
U011,Sales,2026-07-09,08:01,111.4,4,0,6,2,2,False,8
U011,Sales,2026-07-10,07:11,91.3,4,0,7,0,2,False,7
U011,Sales,2026-07-13,07:59,74.6,10,0,2,3,1,False,7
U011,Sales,2026-07-14,07:26,38.8,3,0,10,1,3,False,7
U011,Sales,2026-07-15,07:51,85.4,5,0,4,1,4,False,7
U011,Sales,2026-07-16,08:42,49.6,4,0,9,0,2,False,8
U011,Sales,2026-07-17,07:55,115.2,6,0,7,1,3,False,7
U011,Sales,2026-07-20,09:10,54.4,7,0,14,1,1,False,9
U011,Sales,2026-07-21,10:50,20.2,6,1,7,1,4,False,10
U011,Sales,2026-07-22,09:44,106.3,8,0,10,1,3,False,9
U011,Sales,2026-07-23,08:06,103.5,8,0,7,0,0,False,8
U011,Sales,2026-07-24,09:24,77.2,5,0,9,0,1,False,9
U011,Sales,2026-07-27,10:14,78.2,7,0,10,0,6,False,10
U011,Sales,2026-07-28,08:12,34.7,6,0,11,1,3,False,8
U011,Sales,2026-07-29,10:52,65.3,8,0,12,1,2,False,10
U011,Sales,2026-07-30,09:58,64.4,8,1,7,1,1,False,9
U012,Engineering,2026-07-01,10:29,87.5,7,0,4,1,4,False,10
U012,Engineering,2026-07-02,08:22,51.6,3,0,3,4,6,False,8
U012,Engineering,2026-07-03,07:19,58.5,4,0,6,0,4,False,7
U012,Engineering,2026-07-06,08:14,31.1,4,0,6,2,2,False,8
U012,Engineering,2026-07-07,08:01,77.2,5,0,10,1,1,False,8
U012,Engineering,2026-07-08,09:42,60.2,6,0,9,1,3,False,9
U012,Engineering,2026-07-09,09:12,62.3,5,0,10,1,2,False,9
U012,Engineering,2026-07-10,11:25,67.3,9,0,6,0,5,False,11
U012,Engineering,2026-07-13,10:49,54.5,4,0,9,1,3,False,10
U012,Engineering,2026-07-14,08:17,91.5,10,0,12,1,2,False,8
U012,Engineering,2026-07-15,08:22,105.8,3,1,7,0,2,False,8
U012,Engineering,2026-07-16,10:41,80.3,7,0,1,2,3,False,10
U012,Engineering,2026-07-17,08:32,55.0,9,0,8,5,3,False,8
U012,Engineering,2026-07-20,06:34,68.1,4,0,9,0,2,False,6
U012,Engineering,2026-07-21,09:21,93.5,7,0,9,2,1,False,9
U012,Engineering,2026-07-22,07:01,20.6,6,0,8,0,2,False,7
U012,Engineering,2026-07-23,09:07,89.8,5,0,9,0,5,False,9
U012,Engineering,2026-07-24,06:56,64.5,3,0,9,1,3,False,6
U012,Engineering,2026-07-27,09:16,39.8,6,0,11,2,2,False,9
U012,Engineering,2026-07-28,08:02,115.9,3,0,12,0,1,False,8
U012,Engineering,2026-07-29,10:06,18.9,5,0,7,1,1,False,10
U012,Engineering,2026-07-30,09:38,93.2,5,0,4,0,2,False,9
U013,Engineering,2026-07-01,07:27,59.7,5,0,9,0,4,False,7
U013,Engineering,2026-07-02,11:22,17.1,8,0,13,1,1,False,11
U013,Engineering,2026-07-03,07:46,74.8,4,0,10,2,1,False,7
U013,Engineering,2026-07-06,09:32,87.5,4,0,5,0,0,False,9
U013,Engineering,2026-07-07,09:07,77.2,8,0,8,0,4,False,9
U013,Engineering,2026-07-08,11:24,72.6,7,1,11,0,6,False,11
U013,Engineering,2026-07-09,08:57,103.2,6,0,11,1,3,False,8
U013,Engineering,2026-07-10,09:36,108.6,6,0,8,1,6,False,9
U013,Engineering,2026-07-12,08:27,56.4,6,0,10,1,0,False,8
U013,Engineering,2026-07-13,10:00,85.0,8,0,5,1,2,False,10
U013,Engineering,2026-07-14,06:33,47.3,5,0,6,1,4,False,6
U013,Engineering,2026-07-15,08:59,50.6,6,0,7,2,1,False,8
U013,Engineering,2026-07-16,07:51,124.4,6,0,9,0,5,False,7
U013,Engineering,2026-07-17,06:34,77.4,5,0,12,1,4,False,6
U013,Engineering,2026-07-20,07:47,81.5,4,0,8,1,3,False,7
U013,Engineering,2026-07-21,07:42,95.5,5,0,9,0,2,False,7
U013,Engineering,2026-07-22,07:12,114.3,4,0,5,1,2,False,7
U013,Engineering,2026-07-23,08:23,80.2,6,0,10,0,3,False,8
U013,Engineering,2026-07-24,09:27,100.2,6,0,5,1,6,False,9
U013,Engineering,2026-07-25,06:42,49.0,4,0,9,3,3,False,6
U013,Engineering,2026-07-27,10:39,58.0,5,0,6,2,3,False,10
U013,Engineering,2026-07-28,09:20,75.6,3,0,13,1,2,False,9
U013,Engineering,2026-07-29,10:42,21.2,2,0,6,0,5,False,10
U013,Engineering,2026-07-30,09:54,65.2,5,1,9,0,3,False,9
U014,Engineering,2026-07-01,06:07,61.3,10,0,9,0,3,False,6
U014,Engineering,2026-07-02,09:46,52.7,4,0,8,2,3,False,9
U014,Engineering,2026-07-03,08:57,96.4,9,1,8,1,5,False,8
U014,Engineering,2026-07-06,10:26,77.2,2,0,7,1,5,False,10
U014,Engineering,2026-07-07,09:20,81.1,5,0,2,2,2,False,9
U014,Engineering,2026-07-08,09:25,56.8,6,0,8,1,4,False,9
U014,Engineering,2026-07-09,07:44,68.7,6,0,6,2,1,False,7
U014,Engineering,2026-07-10,10:18,77.2,4,1,3,1,1,False,10
U014,Engineering,2026-07-13,10:42,86.2,2,0,8,1,6,False,10
U014,Engineering,2026-07-14,08:24,42.0,6,0,8,0,3,False,8
U014,Engineering,2026-07-15,06:43,71.3,4,0,5,0,0,False,6
U014,Engineering,2026-07-16,12:47,121.7,4,0,8,2,4,False,12
U014,Engineering,2026-07-17,09:57,99.1,3,1,7,0,2,False,9
U014,Engineering,2026-07-20,11:25,48.4,5,0,8,1,4,False,11
U014,Engineering,2026-07-21,07:35,66.7,7,0,7,1,0,False,7
U014,Engineering,2026-07-22,10:53,77.2,10,0,11,0,2,False,10
U014,Engineering,2026-07-23,10:00,103.2,6,0,14,1,3,False,10
U014,Engineering,2026-07-24,07:19,92.9,3,0,7,1,2,False,7
U014,Engineering,2026-07-27,10:37,90.6,6,1,6,1,5,False,10
U014,Engineering,2026-07-28,06:38,71.3,3,0,10,0,5,False,6
U014,Engineering,2026-07-29,09:41,106.7,8,0,7,0,0,False,9
U014,Engineering,2026-07-30,08:20,87.6,8,0,6,1,3,False,8
U015,Finance,2026-07-01,09:29,53.5,7,0,7,1,2,False,9
U015,Finance,2026-07-02,08:28,60.1,7,0,7,1,1,False,8
U015,Finance,2026-07-03,07:28,62.9,2,0,8,1,2,False,7
U015,Finance,2026-07-06,10:50,137.5,5,0,7,1,5,False,10
U015,Finance,2026-07-07,07:57,119.7,6,0,2,1,3,False,7
U015,Finance,2026-07-08,09:50,57.4,5,0,7,2,1,False,9
U015,Finance,2026-07-09,09:47,77.2,5,0,3,0,3,False,9
U015,Finance,2026-07-10,09:10,65.8,8,0,10,2,4,False,9
U015,Finance,2026-07-13,09:42,74.1,6,0,5,0,2,False,9
U015,Finance,2026-07-14,10:40,15.0,6,0,8,2,4,False,10
U015,Finance,2026-07-15,07:39,80.1,13,0,8,2,2,False,7
U015,Finance,2026-07-16,08:21,55.9,4,0,5,1,2,False,8
U015,Finance,2026-07-17,07:05,66.9,6,0,12,1,1,False,7
U015,Finance,2026-07-20,07:43,51.9,6,1,8,1,5,False,7
U015,Finance,2026-07-21,08:19,51.9,6,0,12,1,2,False,8
U015,Finance,2026-07-22,11:14,67.7,6,0,12,0,3,False,11
U015,Finance,2026-07-23,11:51,52.9,7,0,10,1,1,False,11
U015,Finance,2026-07-24,10:12,55.8,9,0,12,1,5,False,10
U015,Finance,2026-07-25,10:02,75.2,4,0,7,1,3,False,10
U015,Finance,2026-07-27,06:30,116.8,4,0,7,1,0,False,6
U015,Finance,2026-07-28,13:39,72.2,6,0,5,0,0,False,13
U015,Finance,2026-07-29,08:54,86.5,5,0,5,2,4,False,8
U015,Finance,2026-07-30,09:49,31.9,7,0,12,0,2,False,9
U016,Finance,2026-07-01,08:04,77.2,4,0,6,0,1,False,8
U016,Finance,2026-07-02,07:29,86.2,6,0,7,1,2,False,7
U016,Finance,2026-07-03,09:26,72.1,5,0,9,0,3,False,9
U016,Finance,2026-07-06,07:45,75.5,9,0,10,1,2,False,7
U016,Finance,2026-07-07,07:44,104.3,7,0,7,3,0,False,7
U016,Finance,2026-07-08,08:24,95.7,3,0,7,1,4,False,8
U016,Finance,2026-07-09,08:31,77.2,4,0,10,0,2,False,8
U016,Finance,2026-07-10,08:25,88.2,13,0,8,1,1,False,8
U016,Finance,2026-07-13,08:00,81.3,5,0,12,1,3,False,8
U016,Finance,2026-07-14,09:57,101.4,4,0,7,0,4,False,9
U016,Finance,2026-07-15,10:48,55.7,4,0,9,1,6,False,10
U016,Finance,2026-07-16,10:55,32.1,5,0,3,1,4,False,10
U016,Finance,2026-07-17,07:49,79.1,8,0,7,1,4,False,7
U016,Finance,2026-07-20,10:14,30.7,8,0,4,2,6,False,10
U016,Finance,2026-07-21,08:11,23.2,6,0,7,1,4,False,8
U016,Finance,2026-07-22,07:51,63.9,9,2,14,1,3,False,7
U016,Finance,2026-07-23,11:44,77.1,7,0,13,0,3,False,11
U016,Finance,2026-07-24,08:33,66.2,4,0,6,3,4,False,8
U016,Finance,2026-07-27,09:58,80.4,7,0,6,0,4,False,9
U016,Finance,2026-07-28,10:54,135.7,8,1,4,1,6,False,10
U016,Finance,2026-07-29,08:07,50.5,3,0,6,2,0,False,8
U016,Finance,2026-07-30,07:29,50.7,5,0,4,2,3,False,7
U017,IT,2026-07-01,08:08,105.4,10,0,8,0,4,False,8
U017,IT,2026-07-02,08:51,104.5,9,0,13,1,5,False,8
U017,IT,2026-07-03,10:29,66.4,4,0,12,0,2,False,10
U017,IT,2026-07-06,07:38,116.6,3,0,12,0,2,False,7
U017,IT,2026-07-07,07:20,100.7,5,0,6,1,5,False,7
U017,IT,2026-07-08,10:48,62.9,7,0,1,1,1,False,10
U017,IT,2026-07-09,08:57,16.9,5,0,8,0,7,False,8
U017,IT,2026-07-10,11:28,66.2,8,0,5,0,2,False,11
U017,IT,2026-07-13,07:32,62.5,10,0,6,2,4,False,7
U017,IT,2026-07-14,09:27,78.8,4,2,9,0,3,False,9
U017,IT,2026-07-15,09:53,74.0,7,0,11,0,1,False,9
U017,IT,2026-07-16,06:58,46.8,4,0,7,1,3,False,6
U017,IT,2026-07-17,06:35,74.2,2,0,6,2,6,False,6
U017,IT,2026-07-20,08:55,41.6,5,0,4,1,2,False,8
U017,IT,2026-07-21,08:30,73.8,6,0,5,1,5,False,8
U017,IT,2026-07-22,10:28,53.7,5,0,7,0,4,False,10
U017,IT,2026-07-23,07:16,37.2,10,0,5,1,3,False,7
U017,IT,2026-07-24,08:48,36.3,6,0,7,1,4,False,8
U017,IT,2026-07-27,10:49,39.8,1,0,8,2,3,False,10
U017,IT,2026-07-28,10:49,78.3,8,0,10,2,2,False,10
U017,IT,2026-07-29,08:33,75.0,2,0,12,2,2,False,8
U017,IT,2026-07-30,10:31,115.8,7,0,9,1,6,False,10
U018,IT,2026-07-01,10:17,67.6,6,0,9,0,3,True,10
U018,IT,2026-07-02,03:15,248.7,40,2,3,3,19,True,3
U018,IT,2026-07-03,03:57,130.0,41,2,1,3,10,True,3
U018,IT,2026-07-04,02:09,228.4,53,1,2,3,11,True,2
U018,IT,2026-07-05,02:45,284.7,44,4,5,1,13,True,2
U018,IT,2026-07-06,04:26,360.1,54,2,2,1,15,True,4
U018,IT,2026-07-07,04:26,221.5,45,2,3,2,15,True,4
U018,IT,2026-07-08,04:24,409.5,49,2,2,1,15,True,4
U018,IT,2026-07-09,08:37,78.5,8,0,10,0,3,True,8
U018,IT,2026-07-10,09:01,77.1,7,0,4,1,5,True,9
U018,IT,2026-07-11,08:48,43.6,5,0,4,3,4,True,8
U018,IT,2026-07-12,04:00,317.4,51,2,1,1,17,True,4
U018,IT,2026-07-13,10:19,75.2,8,1,8,0,3,True,10
U018,IT,2026-07-14,11:54,31.0,8,0,4,1,1,True,11
U018,IT,2026-07-15,09:53,54.0,2,0,12,0,2,True,9
U018,IT,2026-07-16,23:51,211.0,44,6,2,0,19,True,23
U018,IT,2026-07-17,09:14,56.7,8,0,7,1,5,True,9
U018,IT,2026-07-18,03:27,195.6,48,3,2,3,18,True,3
U018,IT,2026-07-19,04:21,247.6,38,2,1,0,13,True,4
U018,IT,2026-07-20,06:51,96.6,8,0,12,1,3,True,6
U018,IT,2026-07-21,02:53,249.0,37,1,2,2,16,True,2
U018,IT,2026-07-22,02:39,309.2,52,3,3,4,14,True,2
U018,IT,2026-07-23,04:37,309.8,42,2,1,1,15,True,4
U018,IT,2026-07-24,01:05,308.4,54,0,3,4,21,True,1
U018,IT,2026-07-25,07:08,82.0,5,1,8,1,3,True,7
U018,IT,2026-07-26,11:11,47.3,9,0,10,1,3,True,11
U018,IT,2026-07-27,04:20,252.2,55,3,5,3,15,True,4
U018,IT,2026-07-28,03:21,201.7,50,3,1,2,12,True,3
U018,IT,2026-07-29,09:24,48.1,7,0,9,1,2,True,9
U018,IT,2026-07-30,04:16,260.6,56,3,4,3,14,True,4
U019,Engineering,2026-07-01,08:53,74.0,8,0,8,1,3,False,8
U019,Engineering,2026-07-02,06:05,101.4,1,0,6,0,0,False,6
U019,Engineering,2026-07-03,07:30,103.4,6,0,14,0,1,False,7
U019,Engineering,2026-07-04,10:34,95.0,5,0,10,1,4,False,10
U019,Engineering,2026-07-05,08:22,95.2,4,0,15,2,2,False,8
U019,Engineering,2026-07-06,09:14,77.4,7,0,7,3,3,False,9
U019,Engineering,2026-07-07,09:41,15.0,5,0,11,2,4,False,9
U019,Engineering,2026-07-08,09:04,79.6,10,0,3,0,3,False,9
U019,Engineering,2026-07-09,08:49,62.2,4,0,8,0,1,False,8
U019,Engineering,2026-07-10,09:41,79.9,6,1,10,0,1,False,9
U019,Engineering,2026-07-11,10:01,46.9,7,0,9,0,3,False,10
U019,Engineering,2026-07-13,10:12,80.3,4,0,7,1,4,False,10
U019,Engineering,2026-07-14,12:53,77.2,5,0,10,1,3,False,12
U019,Engineering,2026-07-15,08:01,49.6,6,2,12,1,2,False,8
U019,Engineering,2026-07-16,09:39,123.2,4,0,12,4,4,False,9
U019,Engineering,2026-07-17,11:09,87.0,5,0,6,1,3,False,11
U019,Engineering,2026-07-20,07:07,77.5,6,0,7,0,1,False,7
U019,Engineering,2026-07-21,08:36,55.9,9,0,7,0,3,False,8
U019,Engineering,2026-07-22,07:13,92.3,9,0,2,2,3,False,7
U019,Engineering,2026-07-23,07:29,92.7,8,0,7,1,6,False,7
U019,Engineering,2026-07-24,10:44,116.6,4,0,13,1,1,False,10
U019,Engineering,2026-07-27,10:38,83.2,13,1,5,0,0,False,10
U019,Engineering,2026-07-28,11:38,60.3,12,0,3,3,5,False,11
U019,Engineering,2026-07-29,09:47,77.2,2,0,6,1,1,False,9
U019,Engineering,2026-07-30,07:45,36.5,9,0,11,2,3,False,7
U020,IT,2026-07-01,11:07,30.7,9,0,10,5,1,False,11
U020,IT,2026-07-02,08:49,125.6,5,0,10,1,2,False,8
U020,IT,2026-07-03,09:52,94.2,10,0,8,1,3,False,9
U020,IT,2026-07-06,11:37,35.9,6,0,8,0,4,False,11
U020,IT,2026-07-07,09:01,78.4,6,0,8,1,4,False,9
U020,IT,2026-07-08,09:59,71.8,3,0,9,0,2,False,9
U020,IT,2026-07-09,07:19,50.6,6,0,9,0,2,False,7
U020,IT,2026-07-10,08:36,39.5,3,0,6,4,4,False,8
U020,IT,2026-07-13,08:25,28.6,3,0,9,1,3,False,8
U020,IT,2026-07-14,09:45,69.3,1,0,10,0,6,False,9
U020,IT,2026-07-15,08:12,109.2,7,0,7,0,5,False,8
U020,IT,2026-07-16,09:04,26.4,6,0,5,1,5,False,9
U020,IT,2026-07-17,09:37,92.4,4,0,12,1,3,False,9
U020,IT,2026-07-20,08:06,81.1,4,0,8,0,3,False,8
U020,IT,2026-07-21,11:44,60.6,8,0,11,1,5,False,11
U020,IT,2026-07-22,08:49,50.8,5,0,6,0,2,False,8
U020,IT,2026-07-23,09:19,105.3,6,1,12,3,3,False,9
U020,IT,2026-07-24,08:54,102.9,5,0,5,1,4,False,8
U020,IT,2026-07-27,09:50,68.0,7,0,8,3,2,False,9
U020,IT,2026-07-28,08:36,65.3,4,0,5,0,1,False,8
U020,IT,2026-07-29,06:50,70.1,10,1,6,1,1,False,6
U020,IT,2026-07-30,09:02,78.2,12,0,4,0,3,False,9
U021,Finance,2026-07-01,09:22,35.0,5,0,10,1,2,False,9
U021,Finance,2026-07-02,10:34,33.1,5,0,9,1,2,False,10
U021,Finance,2026-07-03,08:27,26.9,8,1,2,0,3,False,8
U021,Finance,2026-07-05,08:41,41.5,8,0,3,0,0,False,8
U021,Finance,2026-07-06,08:21,64.4,7,0,9,1,3,False,8
U021,Finance,2026-07-07,08:00,50.1,6,0,5,0,3,False,8
U021,Finance,2026-07-08,09:54,69.3,8,0,8,0,4,False,9
U021,Finance,2026-07-09,09:26,66.7,9,0,4,3,6,False,9
U021,Finance,2026-07-10,08:52,104.1,2,0,6,0,2,False,8
U021,Finance,2026-07-13,07:23,84.2,8,0,12,1,1,False,7
U021,Finance,2026-07-14,08:40,65.0,4,0,5,0,5,False,8
U021,Finance,2026-07-15,11:57,84.6,6,1,9,1,3,False,11
U021,Finance,2026-07-16,08:53,102.8,4,0,7,0,1,False,8
U021,Finance,2026-07-17,08:29,93.5,6,1,11,0,5,False,8
U021,Finance,2026-07-20,09:46,114.4,8,0,8,2,3,False,9
U021,Finance,2026-07-21,09:33,116.6,10,1,8,0,3,False,9
U021,Finance,2026-07-22,10:41,39.0,5,0,10,2,2,False,10
U021,Finance,2026-07-23,07:17,97.9,8,0,10,0,3,False,7
U021,Finance,2026-07-24,09:39,101.8,5,0,7,0,1,False,9
U021,Finance,2026-07-27,08:30,48.8,8,0,7,0,4,False,8
U021,Finance,2026-07-28,10:29,101.4,8,0,7,0,3,False,10
U021,Finance,2026-07-29,09:27,135.0,8,0,7,2,5,False,9
U021,Finance,2026-07-30,08:52,69.5,13,0,5,1,5,False,8
U022,Legal,2026-07-01,07:46,114.7,7,0,5,2,1,False,7
U022,Legal,2026-07-02,09:37,90.4,8,0,6,3,4,False,9
U022,Legal,2026-07-03,09:17,75.6,6,0,8,0,3,False,9
U022,Legal,2026-07-06,06:59,79.7,7,0,6,1,2,False,6
U022,Legal,2026-07-07,09:05,120.4,8,1,12,0,2,False,9
U022,Legal,2026-07-08,08:17,83.9,3,0,11,1,5,False,8
U022,Legal,2026-07-09,08:56,57.5,5,0,8,0,3,False,8
U022,Legal,2026-07-10,07:28,99.6,4,0,8,2,1,False,7
U022,Legal,2026-07-13,08:39,42.3,4,0,8,0,5,False,8
U022,Legal,2026-07-14,08:42,95.6,9,0,4,0,2,False,8
U022,Legal,2026-07-15,08:24,78.9,6,0,9,0,4,False,8
U022,Legal,2026-07-16,10:21,82.8,8,0,6,0,2,False,10
U022,Legal,2026-07-17,10:01,88.7,8,0,5,0,4,False,10
U022,Legal,2026-07-20,10:31,80.7,4,0,9,0,3,False,10
U022,Legal,2026-07-21,08:13,118.0,1,0,12,0,3,False,8
U022,Legal,2026-07-22,08:22,30.6,3,0,10,0,2,False,8
U022,Legal,2026-07-23,10:51,55.7,7,0,12,1,4,False,10
U022,Legal,2026-07-24,08:16,79.2,5,0,5,1,8,False,8
U022,Legal,2026-07-27,10:44,38.2,6,0,7,1,1,False,10
U022,Legal,2026-07-28,09:56,63.7,6,0,11,1,5,False,9
U022,Legal,2026-07-29,09:17,34.4,5,0,11,2,3,False,9
U022,Legal,2026-07-30,06:35,93.7,1,0,9,1,1,False,6
U023,Legal,2026-07-01,07:00,63.1,6,0,8,1,4,False,7
U023,Legal,2026-07-02,09:33,105.3,8,0,11,2,2,False,9
U023,Legal,2026-07-03,07:12,47.9,7,0,5,3,6,False,7
U023,Legal,2026-07-04,08:46,104.9,5,0,13,0,1,False,8
U023,Legal,2026-07-06,10:35,45.1,3,0,8,2,1,False,10
U023,Legal,2026-07-07,08:48,37.6,9,0,7,1,1,False,8
U023,Legal,2026-07-08,09:15,97.4,4,0,3,1,0,False,9
U023,Legal,2026-07-09,09:44,42.9,13,0,4,0,1,False,9
U023,Legal,2026-07-10,09:30,68.2,10,0,9,1,2,False,9
U023,Legal,2026-07-13,08:50,80.4,11,0,7,0,4,False,8
U023,Legal,2026-07-14,08:01,25.0,6,1,6,0,4,False,8
U023,Legal,2026-07-15,09:05,56.7,1,0,10,1,3,False,9
U023,Legal,2026-07-16,09:18,60.9,6,0,4,0,3,False,9
U023,Legal,2026-07-17,08:14,71.6,7,0,6,0,3,False,8
U023,Legal,2026-07-20,08:42,70.0,7,0,10,1,4,False,8
U023,Legal,2026-07-21,09:37,73.8,6,0,4,1,4,False,9
U023,Legal,2026-07-22,09:23,55.2,8,0,4,0,6,False,9
U023,Legal,2026-07-23,08:30,79.8,7,0,9,1,1,False,8
U023,Legal,2026-07-24,07:35,57.9,6,0,11,0,5,False,7
U023,Legal,2026-07-27,11:47,58.6,3,1,10,0,4,False,11
U023,Legal,2026-07-28,09:35,15.0,5,0,9,2,2,False,9
U023,Legal,2026-07-29,07:21,130.3,7,0,6,0,2,False,7
U023,Legal,2026-07-30,09:22,42.8,2,1,8,0,0,False,9
U024,Legal,2026-07-01,07:44,73.1,12,0,13,1,4,False,7
U024,Legal,2026-07-02,10:29,67.9,1,1,10,1,2,False,10
U024,Legal,2026-07-03,09:17,60.0,3,0,9,1,2,False,9
U024,Legal,2026-07-06,11:46,52.8,3,0,11,1,2,False,11
U024,Legal,2026-07-07,10:12,79.4,6,0,8,1,4,False,10
U024,Legal,2026-07-08,09:20,22.9,6,0,6,3,0,False,9
U024,Legal,2026-07-09,09:07,93.7,7,0,5,0,4,False,9
U024,Legal,2026-07-10,10:47,21.8,3,0,4,1,4,False,10
U024,Legal,2026-07-13,11:11,73.2,2,0,7,2,1,False,11
U024,Legal,2026-07-14,10:12,106.3,12,0,3,1,3,False,10
U024,Legal,2026-07-15,09:13,39.3,8,0,13,1,2,False,9
U024,Legal,2026-07-16,08:47,87.7,5,1,9,1,1,False,8
U024,Legal,2026-07-17,11:30,82.1,4,0,11,2,2,False,11
U024,Legal,2026-07-20,10:48,107.4,6,0,6,1,1,False,10
U024,Legal,2026-07-21,07:33,74.5,14,0,7,0,9,False,7
U024,Legal,2026-07-22,08:38,88.1,5,0,3,0,3,False,8
U024,Legal,2026-07-23,08:18,57.6,5,0,11,1,2,False,8
U024,Legal,2026-07-24,08:06,121.3,5,0,7,3,4,False,8
U024,Legal,2026-07-27,10:23,82.9,6,0,5,0,6,False,10
U024,Legal,2026-07-28,07:11,81.2,7,1,12,0,1,False,7
U024,Legal,2026-07-29,07:19,81.0,1,0,9,1,1,False,7
U024,Legal,2026-07-30,07:00,56.5,11,0,11,0,5,False,7
U025,IT,2026-07-01,08:45,70.5,5,0,4,0,6,False,8
U025,IT,2026-07-02,09:34,57.9,11,0,6,0,3,False,9
U025,IT,2026-07-03,10:08,66.8,7,0,5,0,1,False,10
U025,IT,2026-07-06,07:35,114.1,11,0,9,2,2,False,7
U025,IT,2026-07-07,08:18,61.3,3,0,15,1,3,False,8
U025,IT,2026-07-08,09:44,41.4,3,1,10,1,3,False,9
U025,IT,2026-07-09,09:08,65.1,8,0,10,0,2,False,9
U025,IT,2026-07-10,06:40,63.8,5,0,7,0,4,False,6
U025,IT,2026-07-13,07:55,121.4,3,0,13,0,4,False,7
U025,IT,2026-07-14,08:00,33.5,7,0,8,1,5,False,8
U025,IT,2026-07-15,10:36,73.0,6,0,9,0,2,False,10
U025,IT,2026-07-16,08:18,40.8,9,0,4,3,3,False,8
U025,IT,2026-07-17,12:30,66.6,3,0,8,0,0,False,12
U025,IT,2026-07-20,10:03,120.9,6,0,8,0,3,False,10
U025,IT,2026-07-21,08:16,46.8,4,0,10,2,10,False,8
U025,IT,2026-07-22,06:55,92.8,7,0,6,0,0,False,6
U025,IT,2026-07-23,07:30,72.2,3,0,14,0,3,False,7
U025,IT,2026-07-24,07:07,77.4,7,0,9,2,4,False,7
U025,IT,2026-07-27,09:04,61.9,6,0,12,0,1,False,9
U025,IT,2026-07-28,07:36,71.2,4,0,8,2,1,False,7
U025,IT,2026-07-29,10:40,72.9,7,0,11,2,2,False,10
U025,IT,2026-07-30,08:43,85.7,6,0,10,1,2,False,8
U026,Sales,2026-07-01,08:03,78.1,8,1,8,1,3,False,8
U026,Sales,2026-07-02,07:09,79.5,11,0,14,2,4,False,7
U026,Sales,2026-07-03,07:09,52.1,7,0,14,1,4,False,7
U026,Sales,2026-07-06,08:05,102.3,5,0,5,0,4,False,8
U026,Sales,2026-07-07,08:15,83.2,7,0,6,1,5,False,8
U026,Sales,2026-07-08,08:07,72.0,6,0,11,0,2,False,8
U026,Sales,2026-07-09,08:35,97.6,7,0,10,2,5,False,8
U026,Sales,2026-07-10,08:48,102.4,4,0,14,0,2,False,8
U026,Sales,2026-07-13,11:39,59.3,6,0,10,1,0,False,11
U026,Sales,2026-07-14,07:14,51.1,7,0,8,0,6,False,7
U026,Sales,2026-07-15,09:49,93.7,9,0,6,0,5,False,9
U026,Sales,2026-07-16,09:33,86.5,4,0,9,0,2,False,9
U026,Sales,2026-07-17,07:24,69.3,3,0,4,2,1,False,7
U026,Sales,2026-07-20,08:55,105.9,10,0,8,2,1,False,8
U026,Sales,2026-07-21,08:37,59.7,6,0,11,1,3,False,8
U026,Sales,2026-07-22,09:27,60.9,7,0,12,1,3,False,9
U026,Sales,2026-07-23,08:19,59.6,4,0,10,1,4,False,8
U026,Sales,2026-07-24,09:36,78.8,7,0,5,1,3,False,9
U026,Sales,2026-07-27,08:47,99.7,5,0,4,1,4,False,8
U026,Sales,2026-07-28,09:06,94.0,2,0,6,0,2,False,9
U026,Sales,2026-07-29,08:48,128.0,6,0,5,1,4,False,8
U026,Sales,2026-07-30,09:13,62.6,5,0,10,1,0,False,9
U027,Finance,2026-07-01,07:40,51.9,14,0,9,0,0,False,7
U027,Finance,2026-07-02,09:13,42.2,6,0,4,2,3,False,9
U027,Finance,2026-07-03,09:16,76.0,3,0,11,0,2,False,9
U027,Finance,2026-07-06,12:11,117.8,8,0,8,1,2,False,12
U027,Finance,2026-07-07,09:35,79.5,6,0,7,2,4,False,9
U027,Finance,2026-07-08,09:04,45.6,2,0,16,1,6,False,9
U027,Finance,2026-07-09,06:10,114.9,5,0,6,0,1,False,6
U027,Finance,2026-07-10,10:00,55.3,6,0,9,0,1,False,10
U027,Finance,2026-07-13,07:30,114.0,1,0,5,1,6,False,7
U027,Finance,2026-07-14,08:18,102.8,1,0,10,0,4,False,8
U027,Finance,2026-07-15,10:02,73.0,8,0,8,0,6,False,10
U027,Finance,2026-07-16,08:14,15.0,8,0,8,1,3,False,8
U027,Finance,2026-07-17,06:18,61.4,7,0,7,0,6,False,6
U027,Finance,2026-07-20,09:29,108.2,3,0,10,1,2,False,9
U027,Finance,2026-07-21,10:04,64.2,2,0,14,0,1,False,10
U027,Finance,2026-07-22,12:43,55.9,2,0,9,0,5,False,12
U027,Finance,2026-07-23,08:14,72.7,5,0,5,4,2,False,8
U027,Finance,2026-07-24,07:59,55.7,7,0,10,0,1,False,7
U027,Finance,2026-07-27,09:37,69.7,5,0,11,2,4,False,9
U027,Finance,2026-07-28,10:42,68.9,8,0,6,1,3,False,10
U027,Finance,2026-07-29,08:51,87.7,2,0,8,1,3,False,8
U027,Finance,2026-07-30,08:59,78.7,10,0,5,0,4,False,8
U028,Sales,2026-07-01,09:12,29.4,7,0,5,1,1,False,9
U028,Sales,2026-07-02,07:27,107.3,4,1,10,1,5,False,7
U028,Sales,2026-07-03,09:07,105.6,2,0,8,0,2,False,9
U028,Sales,2026-07-06,08:58,68.2,5,0,9,1,2,False,8
U028,Sales,2026-07-07,09:17,72.2,5,0,7,0,3,False,9
U028,Sales,2026-07-08,11:52,94.2,5,0,8,1,2,False,11
U028,Sales,2026-07-09,10:09,78.7,7,0,8,0,2,False,10
U028,Sales,2026-07-10,07:04,74.7,8,0,6,0,1,False,7
U028,Sales,2026-07-11,06:50,75.8,7,0,7,0,2,False,6
U028,Sales,2026-07-13,08:47,68.3,7,0,9,1,3,False,8
U028,Sales,2026-07-14,10:52,66.8,2,0,7,1,4,False,10
U028,Sales,2026-07-15,07:36,46.5,5,0,10,2,4,False,7
U028,Sales,2026-07-16,10:58,84.1,11,1,5,1,3,False,10
U028,Sales,2026-07-17,06:18,85.7,4,0,14,0,5,False,6
U028,Sales,2026-07-20,06:19,109.6,4,0,13,0,1,False,6
U028,Sales,2026-07-21,08:44,73.4,3,0,8,0,2,False,8
U028,Sales,2026-07-22,09:25,104.8,11,0,3,1,2,False,9
U028,Sales,2026-07-23,08:17,47.1,8,0,12,0,4,False,8
U028,Sales,2026-07-24,06:32,69.7,10,0,5,1,4,False,6
U028,Sales,2026-07-27,08:38,81.5,8,0,9,1,0,False,8
U028,Sales,2026-07-28,09:02,90.5,8,2,9,0,6,False,9
U028,Sales,2026-07-29,07:56,99.4,8,0,7,0,1,False,7
U028,Sales,2026-07-30,08:27,117.7,10,1,8,1,3,False,8
U029,IT,2026-07-01,09:47,62.2,7,0,7,2,1,False,9
U029,IT,2026-07-02,06:20,77.3,10,0,11,3,2,False,6
U029,IT,2026-07-03,07:38,79.3,2,1,8,0,3,False,7
U029,IT,2026-07-05,09:43,59.4,4,0,9,1,0,False,9
U029,IT,2026-07-06,07:53,77.2,6,1,12,1,5,False,7
U029,IT,2026-07-07,10:55,50.6,9,0,9,4,2,False,10
U029,IT,2026-07-08,07:36,95.3,5,0,7,1,1,False,7
U029,IT,2026-07-09,10:37,17.4,4,0,6,0,1,False,10
U029,IT,2026-07-10,07:01,66.3,7,0,9,2,4,False,7
U029,IT,2026-07-13,07:17,77.2,6,0,9,2,1,False,7
U029,IT,2026-07-14,08:36,47.9,8,0,12,3,5,False,8
U029,IT,2026-07-15,08:02,81.3,3,0,8,3,4,False,8
U029,IT,2026-07-16,09:48,21.8,3,0,10,1,2,False,9
U029,IT,2026-07-17,08:48,54.4,6,0,7,0,5,False,8
U029,IT,2026-07-20,08:28,85.8,8,0,9,0,3,False,8
U029,IT,2026-07-21,10:58,131.8,9,0,5,3,6,False,10
U029,IT,2026-07-22,07:17,49.8,7,0,11,3,3,False,7
U029,IT,2026-07-23,08:11,87.9,9,0,12,1,4,False,8
U029,IT,2026-07-24,07:37,72.1,8,1,4,2,7,False,7
U029,IT,2026-07-27,10:05,103.2,3,0,6,1,1,False,10
U029,IT,2026-07-28,09:30,51.1,5,0,12,1,5,False,9
U029,IT,2026-07-29,08:22,95.6,7,0,7,1,4,False,8
U029,IT,2026-07-30,06:26,107.0,6,0,8,0,3,False,6
U030,HR,2026-07-01,09:21,84.1,4,0,10,2,1,False,9
U030,HR,2026-07-02,08:20,43.8,5,0,6,1,4,False,8
U030,HR,2026-07-03,09:42,70.8,11,0,9,2,0,False,9
U030,HR,2026-07-04,07:10,50.6,5,0,12,4,1,False,7
U030,HR,2026-07-06,09:44,61.6,4,0,11,0,4,False,9
U030,HR,2026-07-07,08:31,80.9,6,0,6,0,2,False,8
U030,HR,2026-07-08,09:18,107.9,9,0,11,1,6,False,9
U030,HR,2026-07-09,08:42,73.0,11,0,7,1,3,False,8
U030,HR,2026-07-10,07:25,32.1,13,0,11,2,5,False,7
U030,HR,2026-07-13,09:29,75.8,5,0,4,3,2,False,9
U030,HR,2026-07-14,09:05,53.5,4,0,7,1,4,False,9
U030,HR,2026-07-15,09:20,62.4,5,0,11,2,3,False,9
U030,HR,2026-07-16,06:16,84.1,3,0,8,4,3,False,6
U030,HR,2026-07-17,09:20,30.3,7,0,7,1,3,False,9
U030,HR,2026-07-18,08:49,93.0,9,0,4,0,6,False,8
U030,HR,2026-07-20,10:32,80.8,2,0,7,1,3,False,10
U030,HR,2026-07-21,07:52,59.0,4,0,9,1,4,False,7
U030,HR,2026-07-22,07:00,90.7,2,0,10,2,6,False,7
U030,HR,2026-07-23,08:42,79.0,7,0,6,0,2,False,8
U030,HR,2026-07-24,10:55,16.6,6,0,6,0,4,False,10
U030,HR,2026-07-27,11:12,77.2,4,0,7,2,2,False,11
U030,HR,2026-07-28,08:33,79.3,3,1,6,2,4,False,8
U030,HR,2026-07-29,08:23,28.8,6,0,8,2,3,False,8
U030,HR,2026-07-30,07:39,70.8,11,0,16,2,5,False,7
U031,Engineering,2026-07-01,11:48,58.1,8,0,12,0,1,False,11
U031,Engineering,2026-07-02,06:31,75.5,5,0,8,2,2,False,6
U031,Engineering,2026-07-03,08:40,69.3,4,0,8,3,6,False,8
U031,Engineering,2026-07-05,12:17,60.3,3,0,7,1,3,False,12
U031,Engineering,2026-07-06,08:35,86.3,5,0,8,2,3,False,8
U031,Engineering,2026-07-07,06:08,77.2,8,0,6,3,1,False,6
U031,Engineering,2026-07-08,08:59,110.7,4,0,10,0,4,False,8
U031,Engineering,2026-07-09,12:18,95.2,7,0,6,1,1,False,12
U031,Engineering,2026-07-10,07:28,100.7,6,0,6,1,4,False,7
U031,Engineering,2026-07-13,10:01,55.6,3,0,7,2,6,False,10
U031,Engineering,2026-07-14,06:40,69.9,5,0,9,0,2,False,6
U031,Engineering,2026-07-15,11:38,43.3,2,0,7,1,3,False,11
U031,Engineering,2026-07-16,10:51,64.4,9,1,4,0,2,False,10
U031,Engineering,2026-07-17,10:15,51.9,5,0,12,1,3,False,10
U031,Engineering,2026-07-20,10:00,69.1,4,0,5,0,4,False,10
U031,Engineering,2026-07-21,09:35,91.9,4,0,15,0,3,False,9
U031,Engineering,2026-07-22,09:26,114.8,6,1,6,1,0,False,9
U031,Engineering,2026-07-23,08:05,79.6,7,0,8,1,8,False,8
U031,Engineering,2026-07-24,11:14,69.2,10,0,10,3,5,False,11
U031,Engineering,2026-07-27,10:29,97.3,8,0,11,4,7,False,10
U031,Engineering,2026-07-28,06:07,110.6,7,0,6,1,0,False,6
U031,Engineering,2026-07-29,07:41,80.9,3,0,4,1,1,False,7
U031,Engineering,2026-07-30,09:53,85.6,11,0,11,0,4,False,9
U032,Finance,2026-07-01,09:09,82.2,5,0,13,0,5,False,9
U032,Finance,2026-07-02,08:31,66.5,5,0,11,0,5,False,8
U032,Finance,2026-07-03,09:59,77.2,4,0,10,2,2,False,9
U032,Finance,2026-07-06,08:17,69.0,3,0,5,0,1,False,8
U032,Finance,2026-07-07,10:26,71.5,4,0,7,1,5,False,10
U032,Finance,2026-07-08,08:53,72.0,7,1,7,1,3,False,8
U032,Finance,2026-07-09,08:30,100.7,8,1,7,0,2,False,8
U032,Finance,2026-07-10,09:30,57.9,8,0,14,1,2,False,9
U032,Finance,2026-07-13,07:24,67.9,7,0,10,1,1,False,7
U032,Finance,2026-07-14,10:12,97.9,4,0,7,0,1,False,10
U032,Finance,2026-07-15,08:58,99.5,12,0,9,2,4,False,8
U032,Finance,2026-07-16,10:38,51.0,4,0,7,1,3,False,10
U032,Finance,2026-07-17,09:32,107.9,5,0,12,0,3,False,9
U032,Finance,2026-07-19,12:04,78.1,5,0,9,3,3,False,12
U032,Finance,2026-07-20,08:17,69.8,6,0,7,1,6,False,8
U032,Finance,2026-07-21,06:49,39.8,8,0,11,0,1,False,6
U032,Finance,2026-07-22,07:50,87.5,6,0,8,0,3,False,7
U032,Finance,2026-07-23,07:54,44.2,6,1,11,1,3,False,7
U032,Finance,2026-07-24,08:26,88.2,11,0,9,3,4,False,8
U032,Finance,2026-07-27,09:17,48.9,14,0,5,1,5,False,9
U032,Finance,2026-07-28,08:52,96.5,6,0,11,0,5,False,8
U032,Finance,2026-07-29,08:00,70.4,11,0,4,0,2,False,8
U032,Finance,2026-07-30,06:18,86.7,4,0,6,1,6,False,6
U033,Legal,2026-07-01,07:46,91.6,8,0,17,2,1,False,7
U033,Legal,2026-07-02,09:19,77.9,3,0,6,2,7,False,9
U033,Legal,2026-07-03,09:53,71.8,12,0,9,0,2,False,9
U033,Legal,2026-07-06,08:31,73.7,5,1,2,1,5,False,8
U033,Legal,2026-07-07,08:55,27.6,6,0,7,1,6,False,8
U033,Legal,2026-07-08,08:09,109.2,4,0,8,0,3,False,8
U033,Legal,2026-07-09,11:28,61.0,5,0,13,1,2,False,11
U033,Legal,2026-07-10,09:34,38.4,9,0,9,1,3,False,9
U033,Legal,2026-07-13,07:48,53.8,4,0,9,0,1,False,7
U033,Legal,2026-07-14,08:34,38.7,5,0,3,3,4,False,8
U033,Legal,2026-07-15,07:24,61.7,5,0,4,2,5,False,7
U033,Legal,2026-07-16,07:29,69.4,7,0,11,1,2,False,7
U033,Legal,2026-07-17,10:59,115.4,5,0,7,1,2,False,10
U033,Legal,2026-07-20,10:44,79.9,2,1,11,0,6,False,10
U033,Legal,2026-07-21,08:15,52.8,6,1,6,0,2,False,8
U033,Legal,2026-07-22,08:36,70.6,7,0,16,1,2,False,8
U033,Legal,2026-07-23,11:24,64.8,7,0,9,0,2,False,11
U033,Legal,2026-07-24,07:14,108.7,6,1,7,3,2,False,7
U033,Legal,2026-07-27,10:20,65.5,2,0,7,3,2,False,10
U033,Legal,2026-07-28,09:47,94.9,6,0,15,1,3,False,9
U033,Legal,2026-07-29,09:30,97.0,6,3,5,1,1,False,9
U033,Legal,2026-07-30,09:45,101.5,12,0,5,1,4,False,9
U034,Sales,2026-07-01,10:58,101.7,5,0,10,4,5,False,10
U034,Sales,2026-07-02,11:51,86.3,9,0,7,0,5,False,11
U034,Sales,2026-07-03,08:24,48.2,2,0,8,2,2,False,8
U034,Sales,2026-07-06,08:52,37.5,7,0,3,0,5,False,8
U034,Sales,2026-07-07,08:41,98.1,4,0,3,0,2,False,8
U034,Sales,2026-07-08,07:09,51.6,8,0,9,4,6,False,7
U034,Sales,2026-07-09,10:31,46.8,11,0,8,0,2,False,10
U034,Sales,2026-07-10,06:02,121.2,5,1,6,0,4,False,6
U034,Sales,2026-07-11,08:37,138.6,6,0,12,0,1,False,8
U034,Sales,2026-07-13,09:06,74.9,5,0,7,0,2,False,9
U034,Sales,2026-07-14,06:55,94.4,8,0,9,1,4,False,6
U034,Sales,2026-07-15,09:54,104.7,5,0,6,1,2,False,9
U034,Sales,2026-07-16,09:28,68.5,8,1,9,0,0,False,9
U034,Sales,2026-07-17,11:06,58.4,7,0,7,1,1,False,11
U034,Sales,2026-07-20,06:46,82.8,5,0,11,1,8,False,6
U034,Sales,2026-07-21,09:09,59.8,9,0,7,2,3,False,9
U034,Sales,2026-07-22,09:26,55.6,3,0,6,2,4,False,9
U034,Sales,2026-07-23,12:55,66.0,3,0,12,2,4,False,12
U034,Sales,2026-07-24,08:41,94.5,6,0,7,0,2,False,8
U034,Sales,2026-07-26,09:50,56.6,2,0,13,0,2,False,9
U034,Sales,2026-07-27,08:16,51.0,6,0,7,0,4,False,8
U034,Sales,2026-07-28,08:21,69.8,2,0,8,1,4,False,8
U034,Sales,2026-07-29,11:39,88.6,6,0,8,3,2,False,11
U034,Sales,2026-07-30,06:44,40.1,10,0,8,3,1,False,6
U035,HR,2026-07-01,08:25,70.2,9,1,7,0,2,False,8
U035,HR,2026-07-02,08:41,127.4,6,0,10,1,1,False,8
U035,HR,2026-07-03,08:05,69.6,4,0,7,0,3,False,8
U035,HR,2026-07-06,09:54,112.2,8,0,10,2,4,False,9
U035,HR,2026-07-07,10:34,58.9,3,0,12,0,2,False,10
U035,HR,2026-07-08,08:24,126.8,8,0,10,0,2,False,8
U035,HR,2026-07-09,08:20,69.6,6,0,6,0,2,False,8
U035,HR,2026-07-10,12:40,54.7,7,0,6,1,1,False,12
U035,HR,2026-07-13,07:55,60.9,8,0,7,2,2,False,7
U035,HR,2026-07-14,08:34,92.2,5,0,13,0,6,False,8
U035,HR,2026-07-15,07:02,50.1,10,0,11,0,3,False,7
U035,HR,2026-07-16,10:39,66.1,7,0,13,0,3,False,10
U035,HR,2026-07-17,08:04,95.1,5,0,6,2,5,False,8
U035,HR,2026-07-20,08:18,65.7,9,0,9,2,4,False,8
U035,HR,2026-07-21,10:14,71.1,6,0,4,1,5,False,10
U035,HR,2026-07-22,09:47,106.8,6,1,4,1,6,False,9
U035,HR,2026-07-23,06:05,29.8,9,0,10,0,0,False,6
U035,HR,2026-07-24,08:27,94.9,7,0,6,4,3,False,8
U035,HR,2026-07-27,06:45,96.3,4,1,6,0,4,False,6
U035,HR,2026-07-28,10:55,64.2,6,0,7,0,3,False,10
U035,HR,2026-07-29,08:06,56.5,5,0,12,1,6,False,8
U035,HR,2026-07-30,08:28,40.8,3,0,6,0,4,False,8
U036,HR,2026-07-01,06:10,109.7,5,0,10,2,5,False,6
U036,HR,2026-07-02,07:44,58.0,10,0,10,0,6,False,7
U036,HR,2026-07-03,08:19,58.2,8,1,12,0,1,False,8
U036,HR,2026-07-05,09:50,64.8,2,0,8,0,3,False,9
U036,HR,2026-07-06,08:03,100.8,5,0,4,0,3,False,8
U036,HR,2026-07-07,10:18,155.7,10,1,14,1,4,False,10
U036,HR,2026-07-08,07:22,94.0,9,0,12,0,3,False,7
U036,HR,2026-07-09,06:23,106.6,5,0,5,2,4,False,6
U036,HR,2026-07-10,09:27,58.2,6,0,10,0,4,False,9
U036,HR,2026-07-11,08:33,108.2,1,0,7,2,3,False,8
U036,HR,2026-07-13,09:43,75.5,7,0,10,2,4,False,9
U036,HR,2026-07-14,06:50,35.6,8,0,6,0,4,False,6
U036,HR,2026-07-15,08:11,98.3,7,0,13,0,5,False,8
U036,HR,2026-07-16,09:10,83.2,5,0,6,0,1,False,9
U036,HR,2026-07-17,10:11,87.4,8,2,13,1,5,False,10
U036,HR,2026-07-18,07:55,68.5,8,0,6,1,4,False,7
U036,HR,2026-07-20,11:43,72.6,4,0,6,2,4,False,11
U036,HR,2026-07-21,09:15,84.1,6,0,11,1,1,False,9
U036,HR,2026-07-22,06:31,80.0,9,0,8,0,1,False,6
U036,HR,2026-07-23,08:58,79.5,6,1,7,1,3,False,8
U036,HR,2026-07-24,11:37,33.0,4,0,4,0,4,False,11
U036,HR,2026-07-25,09:29,35.3,8,0,6,1,2,False,9
U036,HR,2026-07-27,07:29,114.9,12,0,6,3,1,False,7
U036,HR,2026-07-28,09:16,70.3,4,0,3,0,3,False,9
U036,HR,2026-07-29,11:42,81.7,5,0,7,1,3,False,11
U036,HR,2026-07-30,10:00,54.3,6,0,7,0,3,False,10
U037,Finance,2026-07-01,08:57,19.8,6,0,7,1,3,False,8
U037,Finance,2026-07-02,08:51,155.4,4,0,10,0,3,False,8
U037,Finance,2026-07-03,09:29,61.9,7,0,9,2,2,False,9
U037,Finance,2026-07-06,08:10,55.0,10,0,4,1,4,False,8
U037,Finance,2026-07-07,09:04,105.2,5,0,7,0,4,False,9
U037,Finance,2026-07-08,09:28,55.1,7,0,5,1,5,False,9
U037,Finance,2026-07-09,09:22,93.4,9,0,5,1,3,False,9
U037,Finance,2026-07-10,07:37,83.8,8,0,6,1,3,False,7
U037,Finance,2026-07-13,08:44,98.7,5,0,9,0,2,False,8
U037,Finance,2026-07-14,09:16,61.1,5,0,7,1,6,False,9
U037,Finance,2026-07-15,08:29,77.2,2,0,7,1,2,False,8
U037,Finance,2026-07-16,08:54,71.3,4,0,7,2,3,False,8
U037,Finance,2026-07-17,09:19,94.8,8,0,7,2,3,False,9
U037,Finance,2026-07-20,08:30,78.9,8,0,5,1,11,False,8
U037,Finance,2026-07-21,11:06,73.9,7,0,3,0,4,False,11
U037,Finance,2026-07-22,09:15,102.5,6,0,10,2,4,False,9
U037,Finance,2026-07-23,08:24,74.8,6,0,10,1,1,False,8
U037,Finance,2026-07-24,09:36,100.8,1,0,10,1,1,False,9
U037,Finance,2026-07-27,10:44,59.4,8,0,7,1,4,False,10
U037,Finance,2026-07-28,09:18,74.3,5,0,7,0,0,False,9
U037,Finance,2026-07-29,11:01,84.4,2,0,11,1,3,False,11
U037,Finance,2026-07-30,09:53,75.4,2,0,14,0,5,False,9
U038,Finance,2026-07-01,07:42,63.9,1,0,5,2,2,False,7
U038,Finance,2026-07-02,07:25,45.5,6,1,13,1,0,False,7
U038,Finance,2026-07-03,06:17,97.1,7,0,10,1,4,False,6
U038,Finance,2026-07-04,10:55,78.1,8,1,4,0,3,False,10
U038,Finance,2026-07-06,10:47,108.0,7,0,9,0,0,False,10
U038,Finance,2026-07-07,08:03,98.2,3,0,8,0,1,False,8
U038,Finance,2026-07-08,09:58,93.6,12,0,15,1,2,False,9
U038,Finance,2026-07-09,06:38,94.5,9,0,7,1,7,False,6
U038,Finance,2026-07-10,10:47,25.2,9,0,11,2,3,False,10
U038,Finance,2026-07-13,08:18,67.3,7,0,12,0,2,False,8
U038,Finance,2026-07-14,08:49,95.2,8,0,13,0,3,False,8
U038,Finance,2026-07-15,08:51,77.2,10,1,6,2,2,False,8
U038,Finance,2026-07-16,06:14,44.1,6,0,14,1,2,False,6
U038,Finance,2026-07-17,06:38,77.6,5,0,5,1,5,False,6
U038,Finance,2026-07-20,06:12,25.7,5,0,6,0,2,False,6
U038,Finance,2026-07-21,06:39,56.5,8,0,10,0,2,False,6
U038,Finance,2026-07-22,10:16,82.2,8,0,7,0,2,False,10
U038,Finance,2026-07-23,09:43,86.0,2,0,14,1,8,False,9
U038,Finance,2026-07-24,08:48,105.8,2,0,10,2,2,False,8
U038,Finance,2026-07-27,08:53,117.1,8,0,9,2,3,False,8
U038,Finance,2026-07-28,06:08,63.2,7,0,12,3,2,False,6
U038,Finance,2026-07-29,06:40,35.3,5,1,3,1,1,False,6
U038,Finance,2026-07-30,09:06,81.0,3,0,6,3,4,False,9
U039,HR,2026-07-01,09:57,88.2,1,0,6,0,1,False,9
U039,HR,2026-07-02,10:40,65.8,6,0,15,1,7,False,10
U039,HR,2026-07-03,08:41,98.9,7,0,16,0,5,False,8
U039,HR,2026-07-04,08:50,29.0,10,0,10,2,2,False,8
U039,HR,2026-07-06,08:37,85.7,11,0,9,1,0,False,8
U039,HR,2026-07-07,08:23,54.5,7,0,9,3,2,False,8
U039,HR,2026-07-08,10:46,112.3,12,0,8,0,1,False,10
U039,HR,2026-07-09,06:08,103.5,9,0,4,1,4,False,6
U039,HR,2026-07-10,11:05,15.0,5,0,13,1,4,False,11
U039,HR,2026-07-13,09:26,66.3,5,0,14,1,2,False,9
U039,HR,2026-07-14,09:11,37.8,4,0,9,0,2,False,9
U039,HR,2026-07-15,06:12,70.0,3,0,10,5,2,False,6
U039,HR,2026-07-16,11:08,94.0,5,0,13,0,1,False,11
U039,HR,2026-07-17,10:50,41.5,10,0,7,0,3,False,10
U039,HR,2026-07-20,08:33,52.3,6,0,12,1,2,False,8
U039,HR,2026-07-21,10:32,86.3,7,0,8,0,1,False,10
U039,HR,2026-07-22,11:58,81.9,9,0,13,1,3,False,11
U039,HR,2026-07-23,09:17,55.5,8,0,12,1,4,False,9
U039,HR,2026-07-24,10:53,82.0,4,0,10,0,2,False,10
U039,HR,2026-07-27,08:30,71.6,5,0,11,3,2,False,8
U039,HR,2026-07-28,08:51,94.5,3,0,2,0,5,False,8
U039,HR,2026-07-29,09:18,29.7,8,0,7,0,3,False,9
U039,HR,2026-07-30,08:47,62.5,3,0,11,2,3,False,8
U040,Engineering,2026-07-01,10:55,68.6,5,0,4,0,4,False,10
U040,Engineering,2026-07-02,09:21,119.6,8,0,7,0,4,False,9
U040,Engineering,2026-07-03,10:51,54.3,7,0,11,0,1,False,10
U040,Engineering,2026-07-04,10:04,38.2,7,0,13,1,4,False,10
U040,Engineering,2026-07-05,10:14,59.6,12,0,7,2,1,False,10
U040,Engineering,2026-07-06,07:55,87.2,4,0,10,1,2,False,7
U040,Engineering,2026-07-07,06:43,74.9,2,0,6,0,1,False,6
U040,Engineering,2026-07-08,07:46,83.9,9,0,11,1,0,False,7
U040,Engineering,2026-07-09,09:43,53.0,5,0,7,0,3,False,9
U040,Engineering,2026-07-10,07:25,45.5,8,0,6,0,1,False,7
U040,Engineering,2026-07-13,07:23,120.8,5,0,9,1,4,False,7
U040,Engineering,2026-07-14,11:05,53.1,8,0,9,1,2,False,11
U040,Engineering,2026-07-15,06:50,84.6,1,0,5,0,2,False,6
U040,Engineering,2026-07-16,09:25,104.4,7,0,9,1,5,False,9
U040,Engineering,2026-07-17,07:00,84.9,10,0,6,2,1,False,7
U040,Engineering,2026-07-19,07:23,84.8,9,0,4,2,5,False,7
U040,Engineering,2026-07-20,07:43,111.1,9,0,7,0,7,False,7
U040,Engineering,2026-07-21,09:47,120.1,7,1,6,1,5,False,9
U040,Engineering,2026-07-22,12:43,57.9,3,1,5,3,8,False,12
U040,Engineering,2026-07-23,07:16,64.7,5,1,14,1,1,False,7
U040,Engineering,2026-07-24,12:37,48.2,7,0,3,0,3,False,12
U040,Engineering,2026-07-27,09:23,74.8,5,0,9,0,6,False,9
U040,Engineering,2026-07-28,12:06,27.2,6,0,6,0,3,False,12
U040,Engineering,2026-07-29,10:43,76.4,5,0,7,3,4,False,10
U040,Engineering,2026-07-30,06:14,99.4,3,0,12,1,4,False,6
U041,Engineering,2026-07-01,23:56,222.6,46,4,1,2,16,True,23
U041,Engineering,2026-07-02,06:20,69.9,12,0,5,2,2,True,6
U041,Engineering,2026-07-03,08:14,64.3,2,0,9,0,3,True,8
U041,Engineering,2026-07-04,07:40,50.0,9,0,8,2,3,True,7
U041,Engineering,2026-07-05,10:58,89.3,4,0,11,3,2,True,10
U041,Engineering,2026-07-06,11:41,77.2,7,0,9,1,4,True,11
U041,Engineering,2026-07-07,02:02,77.2,48,2,1,1,14,True,2
U041,Engineering,2026-07-08,06:19,95.4,9,0,10,3,1,True,6
U041,Engineering,2026-07-09,09:07,46.9,7,0,6,2,2,True,9
U041,Engineering,2026-07-10,23:08,236.7,51,3,3,0,16,True,23
U041,Engineering,2026-07-11,03:42,238.5,54,3,1,3,14,True,3
U041,Engineering,2026-07-12,08:44,101.7,3,1,9,2,3,True,8
U041,Engineering,2026-07-13,07:26,58.6,6,0,10,2,3,True,7
U041,Engineering,2026-07-14,02:56,195.2,38,4,1,3,10,True,2
U041,Engineering,2026-07-15,01:53,289.8,33,5,2,2,10,True,1
U041,Engineering,2026-07-16,04:17,77.2,46,1,4,1,9,True,4
U041,Engineering,2026-07-17,03:13,240.8,32,1,2,1,9,True,3
U041,Engineering,2026-07-18,02:54,307.6,38,4,2,2,16,True,2
U041,Engineering,2026-07-19,03:34,181.6,50,1,2,2,11,True,3
U041,Engineering,2026-07-20,09:41,77.0,7,0,8,2,4,True,9
U041,Engineering,2026-07-21,04:17,334.3,28,2,1,3,22,True,4
U041,Engineering,2026-07-22,01:54,195.7,51,1,5,2,22,True,1
U041,Engineering,2026-07-23,06:05,81.7,5,0,10,2,4,True,6
U041,Engineering,2026-07-24,07:41,77.7,9,1,8,0,2,True,7
U041,Engineering,2026-07-25,09:01,72.4,8,0,13,1,6,True,9
U041,Engineering,2026-07-26,03:15,276.3,30,2,1,1,8,True,3
U041,Engineering,2026-07-27,07:50,59.4,7,0,10,1,2,True,7
U041,Engineering,2026-07-28,01:53,249.2,43,3,2,0,17,True,1
U041,Engineering,2026-07-29,07:13,69.2,6,0,11,1,4,True,7
U041,Engineering,2026-07-30,02:21,212.2,49,5,1,0,18,True,2
U042,Sales,2026-07-01,09:49,104.1,6,0,15,0,2,False,9
U042,Sales,2026-07-02,09:09,72.9,12,0,12,1,2,False,9
U042,Sales,2026-07-03,08:50,73.1,4,0,5,0,2,False,8
U042,Sales,2026-07-05,07:54,105.7,3,0,10,2,5,False,7
U042,Sales,2026-07-06,06:09,72.3,8,0,4,3,5,False,6
U042,Sales,2026-07-07,09:08,83.6,6,0,11,3,1,False,9
U042,Sales,2026-07-08,09:34,65.0,5,0,6,2,1,False,9
U042,Sales,2026-07-09,06:16,66.9,11,0,8,1,4,False,6
U042,Sales,2026-07-10,07:51,76.8,10,0,14,0,0,False,7
U042,Sales,2026-07-13,08:01,54.2,4,0,6,0,2,False,8
U042,Sales,2026-07-14,06:08,106.1,3,0,7,0,4,False,6
U042,Sales,2026-07-15,08:00,83.2,8,0,12,0,5,False,8
U042,Sales,2026-07-16,09:22,60.4,9,0,10,1,1,False,9
U042,Sales,2026-07-17,08:50,29.0,7,0,4,1,3,False,8
U042,Sales,2026-07-20,08:01,84.1,7,0,5,1,2,False,8
U042,Sales,2026-07-21,08:11,92.1,5,0,8,1,3,False,8
U042,Sales,2026-07-22,09:16,48.6,10,1,9,1,4,False,9
U042,Sales,2026-07-23,08:03,55.9,5,1,8,1,3,False,8
U042,Sales,2026-07-24,08:08,98.4,1,0,10,1,3,False,8
U042,Sales,2026-07-27,08:47,77.2,4,0,5,0,4,False,8
U042,Sales,2026-07-28,08:04,49.7,4,0,8,1,1,False,8
U042,Sales,2026-07-29,09:30,73.5,8,0,8,3,1,False,9
U042,Sales,2026-07-30,11:28,78.0,5,1,9,1,4,False,11
U043,Engineering,2026-07-01,07:49,37.9,3,0,6,1,6,False,7
U043,Engineering,2026-07-02,07:23,104.8,5,1,4,2,1,False,7
U043,Engineering,2026-07-03,07:32,77.2,6,0,11,1,4,False,7
U043,Engineering,2026-07-06,09:14,71.7,7,1,6,0,4,False,9
U043,Engineering,2026-07-07,08:39,89.2,13,0,10,2,2,False,8
U043,Engineering,2026-07-08,08:02,95.0,3,0,2,0,3,False,8
U043,Engineering,2026-07-09,09:46,100.5,7,0,9,0,2,False,9
U043,Engineering,2026-07-10,09:50,76.0,12,0,6,0,8,False,9
U043,Engineering,2026-07-13,08:19,72.7,9,0,7,0,1,False,8
U043,Engineering,2026-07-14,11:29,23.0,3,0,9,3,5,False,11
U043,Engineering,2026-07-15,08:41,91.0,7,0,5,2,5,False,8
U043,Engineering,2026-07-16,08:01,92.0,4,0,7,1,4,False,8
U043,Engineering,2026-07-17,12:03,30.4,1,0,7,0,3,False,12
U043,Engineering,2026-07-20,08:27,37.5,9,0,6,0,2,False,8
U043,Engineering,2026-07-21,12:43,118.7,2,0,10,1,3,False,12
U043,Engineering,2026-07-22,09:06,58.3,7,0,13,1,2,False,9
U043,Engineering,2026-07-23,07:31,84.9,3,0,11,1,4,False,7
U043,Engineering,2026-07-24,10:45,102.2,5,0,11,1,0,False,10
U043,Engineering,2026-07-26,10:05,71.0,4,0,7,1,3,False,10
U043,Engineering,2026-07-27,08:20,53.3,5,0,10,2,2,False,8
U043,Engineering,2026-07-28,11:38,64.4,0,0,6,1,3,False,11
U043,Engineering,2026-07-29,10:09,76.4,9,0,4,2,3,False,10
U043,Engineering,2026-07-30,07:04,77.9,4,0,7,2,5,False,7
U044,HR,2026-07-01,11:08,64.5,7,0,8,0,3,False,11
U044,HR,2026-07-02,08:17,91.4,3,0,6,3,1,False,8
U044,HR,2026-07-03,11:39,95.1,8,0,12,0,2,False,11
U044,HR,2026-07-06,08:20,118.0,5,0,11,0,1,False,8
U044,HR,2026-07-07,08:24,125.3,8,0,7,1,4,False,8
U044,HR,2026-07-08,07:38,154.2,5,0,8,0,1,False,7
U044,HR,2026-07-09,08:33,74.9,9,0,8,0,3,False,8
U044,HR,2026-07-10,10:18,32.0,3,1,5,1,2,False,10
U044,HR,2026-07-13,07:06,51.1,5,0,10,2,3,False,7
U044,HR,2026-07-14,09:50,106.6,5,0,8,0,0,False,9
U044,HR,2026-07-15,08:44,65.1,7,0,11,2,4,False,8
U044,HR,2026-07-16,09:07,55.9,5,0,8,1,5,False,9
U044,HR,2026-07-17,09:54,114.6,4,0,9,1,1,False,9
U044,HR,2026-07-20,09:35,87.2,9,0,9,2,2,False,9
U044,HR,2026-07-21,08:46,69.2,3,0,6,0,2,False,8
U044,HR,2026-07-22,10:55,80.4,7,0,9,0,3,False,10
U044,HR,2026-07-23,10:13,83.1,9,0,10,1,5,False,10
U044,HR,2026-07-24,08:27,94.3,11,0,7,4,2,False,8
U044,HR,2026-07-27,06:21,77.2,2,0,9,2,1,False,6
U044,HR,2026-07-28,08:52,64.8,7,0,5,0,4,False,8
U044,HR,2026-07-29,08:29,78.5,3,0,9,2,4,False,8
U044,HR,2026-07-30,06:25,84.7,5,0,4,2,5,False,6
U045,HR,2026-07-01,08:26,92.4,6,0,6,1,1,False,8
U045,HR,2026-07-02,09:46,39.0,6,0,7,1,2,False,9
U045,HR,2026-07-03,08:06,37.3,5,0,6,1,5,False,8
U045,HR,2026-07-06,08:16,45.2,5,0,10,1,4,False,8
U045,HR,2026-07-07,07:23,79.9,7,0,11,1,3,False,7
U045,HR,2026-07-08,09:09,61.5,7,0,7,1,1,False,9
U045,HR,2026-07-09,11:43,65.5,3,0,7,1,5,False,11
U045,HR,2026-07-10,09:59,82.3,3,0,10,0,3,False,9
U045,HR,2026-07-12,06:05,90.6,6,0,5,0,3,False,6
U045,HR,2026-07-13,10:05,81.3,9,0,8,0,1,False,10
U045,HR,2026-07-14,07:27,83.8,7,0,9,0,0,False,7
U045,HR,2026-07-15,09:06,39.5,8,0,5,3,3,False,9
U045,HR,2026-07-16,07:47,58.4,7,0,9,3,2,False,7
U045,HR,2026-07-17,07:47,77.2,5,0,8,0,0,False,7
U045,HR,2026-07-19,08:03,81.8,10,0,8,0,2,False,8
U045,HR,2026-07-20,10:37,43.1,6,0,11,0,5,False,10
U045,HR,2026-07-21,07:35,79.2,9,0,5,1,3,False,7
U045,HR,2026-07-22,07:35,102.4,2,1,7,1,3,False,7
U045,HR,2026-07-23,11:21,69.8,8,0,7,2,5,False,11
U045,HR,2026-07-24,10:42,81.4,8,0,8,2,2,False,10
U045,HR,2026-07-25,09:22,69.4,7,0,6,1,5,False,9
U045,HR,2026-07-27,10:48,42.7,3,0,6,0,5,False,10
U045,HR,2026-07-28,08:27,93.5,8,0,12,0,4,False,8
U045,HR,2026-07-29,08:55,68.4,6,0,7,0,1,False,8
U045,HR,2026-07-30,09:58,34.9,3,0,10,1,4,False,9
U046,IT,2026-07-01,08:46,77.0,12,0,8,0,3,False,8
U046,IT,2026-07-02,11:03,48.0,9,0,11,1,2,False,11
U046,IT,2026-07-03,11:18,49.6,6,0,5,3,4,False,11
U046,IT,2026-07-06,09:36,106.0,4,0,6,1,1,False,9
U046,IT,2026-07-07,11:32,113.3,7,1,6,0,3,False,11
U046,IT,2026-07-08,06:13,90.3,5,0,9,2,3,False,6
U046,IT,2026-07-09,10:09,71.1,8,0,2,1,2,False,10
U046,IT,2026-07-10,09:42,64.5,11,0,8,1,3,False,9
U046,IT,2026-07-13,06:22,62.4,6,0,5,0,1,False,6
U046,IT,2026-07-14,09:54,89.2,6,1,7,1,6,False,9
U046,IT,2026-07-15,11:35,72.6,4,0,9,0,1,False,11
U046,IT,2026-07-16,08:23,68.4,7,0,11,2,3,False,8
U046,IT,2026-07-17,09:07,114.8,4,1,9,0,1,False,9
U046,IT,2026-07-20,07:51,66.6,7,0,10,1,4,False,7
U046,IT,2026-07-21,07:27,94.3,7,0,6,2,9,False,7
U046,IT,2026-07-22,07:54,46.6,10,0,9,1,5,False,7
U046,IT,2026-07-23,08:35,80.7,8,0,14,3,2,False,8
U046,IT,2026-07-24,07:49,85.8,7,0,6,0,3,False,7
U046,IT,2026-07-27,08:41,67.7,3,0,8,0,1,False,8
U046,IT,2026-07-28,09:35,72.4,2,0,4,1,4,False,9
U046,IT,2026-07-29,07:01,110.6,2,0,5,1,3,False,7
U046,IT,2026-07-30,08:38,109.6,2,0,3,0,2,False,8
U047,HR,2026-07-01,09:59,62.2,4,0,11,0,10,False,9
U047,HR,2026-07-02,11:42,80.9,7,0,8,1,3,False,11
U047,HR,2026-07-03,09:53,95.7,6,0,6,1,1,False,9
U047,HR,2026-07-05,08:17,77.2,7,0,9,2,5,False,8
U047,HR,2026-07-06,11:44,69.8,9,0,3,1,1,False,11
U047,HR,2026-07-07,08:48,77.8,7,0,7,0,9,False,8
U047,HR,2026-07-08,11:19,67.8,1,0,10,0,3,False,11
U047,HR,2026-07-09,09:58,106.8,5,0,5,0,6,False,9
U047,HR,2026-07-10,10:21,101.1,5,2,4,1,4,False,10
U047,HR,2026-07-13,09:09,33.5,6,0,10,1,4,False,9
U047,HR,2026-07-14,08:36,62.7,8,0,6,2,3,False,8
U047,HR,2026-07-15,09:42,76.6,4,1,7,5,4,False,9
U047,HR,2026-07-16,10:25,40.2,4,0,9,0,0,False,10
U047,HR,2026-07-17,08:04,97.9,5,0,3,1,2,False,8
U047,HR,2026-07-18,07:40,91.3,6,0,5,1,1,False,7
U047,HR,2026-07-20,08:05,33.6,5,0,8,1,2,False,8
U047,HR,2026-07-21,09:47,94.7,4,0,8,1,4,False,9
U047,HR,2026-07-22,09:33,89.7,4,0,4,0,3,False,9
U047,HR,2026-07-23,07:13,59.4,7,1,8,0,3,False,7
U047,HR,2026-07-24,07:24,72.9,8,0,1,1,4,False,7
U047,HR,2026-07-27,08:23,82.5,7,0,12,1,2,False,8
U047,HR,2026-07-28,10:19,51.5,3,0,9,3,1,False,10
U047,HR,2026-07-29,08:46,68.7,6,0,6,2,8,False,8
U047,HR,2026-07-30,06:20,84.6,4,0,10,1,4,False,6
U048,Engineering,2026-07-01,08:36,70.6,4,0,8,1,1,True,8
U048,Engineering,2026-07-02,01:09,218.9,41,7,2,2,11,True,1
U048,Engineering,2026-07-03,23:03,278.6,41,3,2,2,16,True,23
U048,Engineering,2026-07-04,08:17,63.4,5,0,8,1,0,True,8
U048,Engineering,2026-07-05,04:31,233.7,44,6,4,3,19,True,4
U048,Engineering,2026-07-06,09:26,42.7,8,0,5,2,4,True,9
U048,Engineering,2026-07-07,23:07,326.1,54,4,4,1,13,True,23
U048,Engineering,2026-07-08,01:18,171.8,45,5,0,4,12,True,1
U048,Engineering,2026-07-09,09:37,55.9,6,0,5,1,2,True,9
U048,Engineering,2026-07-10,03:02,184.6,45,1,1,3,17,True,3
U048,Engineering,2026-07-11,23:03,292.9,51,3,2,1,12,True,23
U048,Engineering,2026-07-12,03:13,126.3,37,2,2,1,20,True,3
U048,Engineering,2026-07-13,10:48,83.7,9,0,3,1,4,True,10
U048,Engineering,2026-07-14,03:07,248.4,47,1,0,2,19,True,3
U048,Engineering,2026-07-15,04:11,250.0,41,3,0,2,15,True,4
U048,Engineering,2026-07-16,23:45,287.5,40,5,1,4,12,True,23
U048,Engineering,2026-07-17,23:53,238.3,36,5,2,2,16,True,23
U048,Engineering,2026-07-18,08:22,66.8,3,0,4,0,1,True,8
U048,Engineering,2026-07-19,01:27,303.1,39,2,0,1,12,True,1
U048,Engineering,2026-07-20,01:55,346.7,37,3,1,1,18,True,1
U048,Engineering,2026-07-21,04:36,312.3,54,4,2,2,10,True,4
U048,Engineering,2026-07-22,04:18,245.0,42,2,2,2,17,True,4
U048,Engineering,2026-07-23,01:20,134.9,41,3,2,2,13,True,1
U048,Engineering,2026-07-24,23:29,197.2,52,4,1,1,13,True,23
U048,Engineering,2026-07-25,09:58,62.7,4,0,8,0,4,True,9
U048,Engineering,2026-07-26,04:54,298.5,59,1,3,0,16,True,4
U048,Engineering,2026-07-27,04:37,174.5,43,5,1,3,11,True,4
U048,Engineering,2026-07-28,01:25,77.2,38,5,3,1,12,True,1
U048,Engineering,2026-07-29,07:47,41.2,11,0,3,1,1,True,7
U048,Engineering,2026-07-30,03:49,250.6,37,3,1,1,12,True,3
U049,Legal,2026-07-01,09:10,66.7,5,0,9,3,6,False,9
U049,Legal,2026-07-02,06:04,71.6,7,0,5,1,0,False,6
U049,Legal,2026-07-03,09:32,70.5,9,0,5,0,3,False,9
U049,Legal,2026-07-06,09:12,37.2,6,0,6,0,1,False,9
U049,Legal,2026-07-07,12:57,15.0,5,0,8,1,4,False,12
U049,Legal,2026-07-08,08:49,146.2,7,0,11,1,0,False,8
U049,Legal,2026-07-09,09:22,53.6,8,0,7,0,6,False,9
U049,Legal,2026-07-10,09:22,96.7,5,0,9,1,4,False,9
U049,Legal,2026-07-13,08:52,67.8,9,0,8,0,6,False,8
U049,Legal,2026-07-14,10:09,114.4,7,0,8,1,1,False,10
U049,Legal,2026-07-15,09:15,92.4,6,0,8,0,1,False,9
U049,Legal,2026-07-16,07:06,93.5,6,0,8,1,4,False,7
U049,Legal,2026-07-17,06:09,32.1,8,0,8,2,2,False,6
U049,Legal,2026-07-20,08:09,30.1,7,0,8,1,1,False,8
U049,Legal,2026-07-21,09:48,92.4,9,0,11,1,5,False,9
U049,Legal,2026-07-22,08:48,83.8,7,0,8,1,0,False,8
U049,Legal,2026-07-23,09:41,97.4,4,0,10,2,2,False,9
U049,Legal,2026-07-24,08:04,69.4,10,0,10,1,4,False,8
U049,Legal,2026-07-27,08:31,118.6,5,0,9,0,3,False,8
U049,Legal,2026-07-28,07:29,69.7,10,0,6,1,1,False,7
U049,Legal,2026-07-29,08:48,92.2,6,0,7,2,5,False,8
U049,Legal,2026-07-30,11:36,91.3,2,0,6,3,0,False,11
U050,Sales,2026-07-01,10:48,87.0,5,0,5,1,3,False,10
U050,Sales,2026-07-02,06:37,72.7,5,0,10,1,3,False,6
U050,Sales,2026-07-03,07:28,96.6,6,0,7,1,3,False,7
U050,Sales,2026-07-06,06:41,40.9,9,0,9,0,2,False,6
U050,Sales,2026-07-07,08:40,104.8,7,0,12,0,1,False,8
U050,Sales,2026-07-08,08:39,53.4,3,0,7,6,6,False,8
U050,Sales,2026-07-09,10:20,76.0,5,0,10,1,4,False,10
U050,Sales,2026-07-10,10:55,63.4,3,0,5,2,4,False,10
U050,Sales,2026-07-13,07:28,57.9,6,0,1,0,5,False,7
U050,Sales,2026-07-14,07:04,102.0,2,0,6,1,4,False,7
U050,Sales,2026-07-15,07:30,15.0,6,0,6,0,2,False,7
U050,Sales,2026-07-16,09:28,51.6,4,0,7,1,5,False,9
U050,Sales,2026-07-17,10:40,91.2,1,0,8,1,0,False,10
U050,Sales,2026-07-20,08:03,51.7,6,0,7,1,0,False,8
U050,Sales,2026-07-21,09:22,129.1,7,0,9,0,2,False,9
U050,Sales,2026-07-22,09:32,81.4,9,0,6,0,1,False,9
U050,Sales,2026-07-23,08:04,86.0,4,0,13,0,2,False,8
U050,Sales,2026-07-24,09:19,18.2,3,0,8,0,2,False,9
U050,Sales,2026-07-26,06:23,32.7,2,0,7,0,2,False,6
U050,Sales,2026-07-27,09:53,77.2,5,0,5,1,2,False,9
U050,Sales,2026-07-28,09:18,46.2,6,0,5,1,5,False,9
U050,Sales,2026-07-29,09:04,51.2,4,0,10,1,3,False,9
U050,Sales,2026-07-30,10:41,18.9,7,0,16,0,5,False,10
