user_id,avg_login_hour,pct_off_hours_logins,avg_session_duration,avg_files_accessed,total_usb_events,total_emails_with_attachment,avg_external_web_visits
U001,8.173913043478262,0.0,82.13913043478261,5.6521739130434785,4,31,3.217391304347826
U002,7.8,56.7,170.58333333333334,28.533333333333335,62,36,9.3
U003,9.0,0.0,78.44545454545454,5.636363636363637,6,24,3.0
U004,8.782608695652174,0.0,83.25217391304348,6.739130434782608,0,28,2.130434782608696
U005,8.423076923076923,0.0,74.83461538461539,5.461538461538462,1,32,3.1923076923076925
U006,8.625,0.0,71.88333333333334,5.791666666666667,2,27,3.0416666666666665
U007,8.25,0.0,72.05,5.625,3,27,2.375
U008,8.166666666666666,63.3,173.98,29.666666666666668,53,47,9.866666666666667
U009,8.956521739130435,0.0,66.49130434782609,5.608695652173913,2,14,3.0434782608695654
U010,8.478260869565217,0.0,80.87826086956522,5.695652173913044,3,24,2.4347826086956523
U011,8.136363636363637,0.0,75.4090909090909,6.2272727272727275,3,20,2.409090909090909
U012,8.5,0.0,67.59545454545454,5.454545454545454,1,25,2.6818181818181817
U013,8.25,0.0,74.27083333333333,5.333333333333333,2,20,3.0416666666666665
U014,8.681818181818182,0.0,78.92272727272727,5.5,4,19,2.8636363636363638
U015,8.782608695652174,0.0,69.08260869565218,6.086956521739131,1,23,2.4782608695652173
U016,8.363636363636363,0.0,72.92727272727274,6.090909090909091,3,23,3.1363636363636362
U017,8.409090909090908,0.0,69.42727272727274,5.818181818181818,2,19,3.4545454545454546
U018,6.1,60.0,183.43666666666667,31.133333333333333,45,47,10.3
U019,8.76,0.0,77.58,6.36,4,27,2.56
U020,8.681818181818182,0.0,69.76818181818182,5.909090909090909,2,24,3.090909090909091
U021,8.608695652173912,0.0,75.89565217391304,6.913043478260869,4,15,3.0
U022,8.409090909090908,0.0,77.46818181818182,5.5,1,16,3.090909090909091
U023,8.478260869565217,0.0,64.8,6.391304347826087,3,17,2.739130434782609
U024,8.909090909090908,0.0,73.21363636363637,6.0,3,22,2.8636363636363638
U025,8.318181818181818,0.0,71.72727272727273,5.954545454545454,1,17,2.909090909090909
U026,8.227272727272727,0.0,80.74090909090908,6.181818181818182,1,19,3.0454545454545454
U027,8.681818181818182,0.0,73.23181818181818,5.409090909090909,0,17,3.1363636363636362
U028,8.08695652173913,0.0,80.48695652173913,6.478260869565218,5,13,2.6956521739130435
U029,8.043478260869565,0.0,71.82173913043479,6.173913043478261,3,35,3.130434782608696
U030,8.333333333333334,0.0,66.08749999999999,6.083333333333333,1,36,3.3333333333333335
U031,8.869565217391305,0.0,79.01739130434783,5.826086956521739,2,28,3.1739130434782608
U032,8.347826086956522,0.0,75.27391304347826,6.6521739130434785,3,19,3.260869565217391
U033,8.590909090909092,0.0,73.90454545454546,6.0,7,25,3.0454545454545454
U034,8.583333333333334,0.0,74.82083333333334,5.916666666666667,2,27,3.125
U035,8.363636363636363,0.0,76.35909090909091,6.409090909090909,3,17,3.227272727272727
U036,8.384615384615385,0.0,79.55384615384615,6.461538461538462,5,20,3.230769230769231
U037,8.772727272727273,0.0,79.86818181818181,5.681818181818182,0,20,3.4545454545454546
U038,7.695652173913044,0.0,74.70869565217392,6.3478260869565215,4,24,2.6956521739130435
U039,8.869565217391305,0.0,68.64347826086956,6.434782608695652,0,23,2.652173913043478
U040,8.64,0.0,75.888,6.28,3,21,3.24
U041,6.466666666666667,50.0,147.52,24.6,43,47,8.566666666666666
U042,8.08695652173913,0.0,74.38260869565217,6.304347826086956,3,24,2.6956521739130435
U043,8.826086956521738,0.0,74.17391304347827,5.565217391304348,2,24,3.260869565217391
U044,8.454545454545455,0.0,84.91363636363636,5.909090909090909,1,24,2.6363636363636362
U045,8.48,0.0,68.02,6.16,1,21,2.88
U046,8.454545454545455,0.0,80.06818181818181,6.2272727272727275,3,21,3.0
U047,8.708333333333334,0.0,74.12916666666666,5.5,4,26,3.625
U048,8.266666666666667,73.3,189.47,33.8,77,48,11.1
U049,8.5,0.0,77.39090909090909,6.7272727272727275,0,23,2.6818181818181817
U050,8.304347826086957,0.0,65.43913043478261,5.0,0,19,2.869565217391304
