user_id,department,is_insider_threat
U001,Finance,False
U002,Finance,True
U003,Finance,False
U004,Legal,False
U005,Engineering,False
U006,Legal,False
U007,Legal,False
U008,IT,True
U009,Engineering,False
U010,IT,False
U011,Sales,False
U012,Engineering,False
U013,Engineering,False
U014,Engineering,False
U015,Finance,False
U016,Finance,False
U017,IT,False
U018,IT,True
U019,Engineering,False
U020,IT,False
U021,Finance,False
U022,Legal,False
U023,Legal,False
U024,Legal,False
U025,IT,False
U026,Sales,False
U027,Finance,False
U028,Sales,False
U029,IT,False
U030,HR,False
U031,Engineering,False
U032,Finance,False
U033,Legal,False
U034,Sales,False
U035,HR,False
U036,HR,False
U037,Finance,False
U038,Finance,False
U039,HR,False
U040,Engineering,False
U041,Engineering,True
U042,Sales,False
U043,Engineering,False
U044,HR,False
U045,HR,False
U046,IT,False
U047,HR,False
U048,Engineering,True
U049,Legal,False
U050,Sales,False
